{
  "IcoMoonType": "selection",
  "icons": [
    {
      "icon": {
        "paths": [
          "M245.568 508.448l138.72-134.816-44.608-45.92-184.608 179.488 183.968 189.088 45.888-44.64z"
        ],
        "attrs": [
          {}
        ],
        "width": 540,
        "isMulticolor": false,
        "isMulticolor2": false,
        "grid": 0,
        "tags": [
          "arrow-left"
        ],
        "colorPermutations": {
          "2491802912552552551": [
            {}
          ]
        }
      },
      "attrs": [
        {}
      ],
      "properties": {
        "order": 639,
        "id": 23,
        "name": "arrow-left",
        "prevSize": 32,
        "code": 59670
      },
      "setIdx": 0,
      "setId": 2,
      "iconIdx": 0
    },
    {
      "icon": {
        "paths": [
          "M294.432 508.448l-138.72-134.816 44.608-45.92 184.608 179.488-183.968 189.088-45.888-44.64z"
        ],
        "attrs": [
          {}
        ],
        "width": 540,
        "isMulticolor": false,
        "isMulticolor2": false,
        "grid": 0,
        "tags": [
          "arrow-right"
        ],
        "colorPermutations": {
          "2491802912552552551": [
            {}
          ]
        }
      },
      "attrs": [
        {}
      ],
      "properties": {
        "order": 638,
        "id": 22,
        "name": "arrow-right",
        "prevSize": 32,
        "code": 59671
      },
      "setIdx": 0,
      "setId": 2,
      "iconIdx": 1
    },
    {
      "icon": {
        "paths": [
          "M464.704 290.176l-247.488 340.384-150.304-175.968-48.672 41.568 203.040 237.664 295.168-406.016z"
        ],
        "attrs": [
          {}
        ],
        "width": 540,
        "isMulticolor": false,
        "isMulticolor2": false,
        "grid": 0,
        "tags": [
          "check"
        ],
        "colorPermutations": {
          "2491802912552552551": [
            {}
          ]
        }
      },
      "attrs": [
        {}
      ],
      "properties": {
        "order": 637,
        "id": 21,
        "name": "check",
        "prevSize": 32,
        "code": 59669
      },
      "setIdx": 0,
      "setId": 2,
      "iconIdx": 2
    },
    {
      "icon": {
        "paths": [
          "M450.208 371.808l-195.136 189.888-184.032-189.28-45.888 44.64 228.672 235.136 241.024-234.528z"
        ],
        "attrs": [
          {}
        ],
        "width": 520,
        "isMulticolor": false,
        "isMulticolor2": false,
        "grid": 0,
        "tags": [
          "arrow-down"
        ],
        "colorPermutations": {
          "2491802912552552551": [
            {}
          ]
        }
      },
      "attrs": [
        {}
      ],
      "properties": {
        "order": 616,
        "id": 20,
        "name": "arrow-down",
        "prevSize": 32,
        "code": 59648
      },
      "setIdx": 0,
      "setId": 2,
      "iconIdx": 3
    },
    {
      "icon": {
        "paths": [
          "M848 448h-13.472v-242.88h-210.528v-85.344c0-8.832-7.168-16-16-16s-16 7.168-16 16v85.344h-288v-85.344c0-8.832-7.168-16-16-16s-16 7.168-16 16v85.344h-245.984v715.104h808.544v-440.224h13.44v-32zM272 237.12v74.656c0 8.832 7.168 16 16 16s16-7.168 16-16v-74.656h288v74.656c0 8.832 7.168 16 16 16s16-7.168 16-16v-74.656h178.528v210.88h-744.512v-210.88h213.984zM802.528 888.224h-744.512v-408.224h744.544v408.224z",
          "M175.328 583.776h42.656v42.656h-42.656v-42.656z",
          "M326.432 583.776h42.656v42.656h-42.656v-42.656z",
          "M477.568 583.776h42.656v42.656h-42.656v-42.656z",
          "M628.672 583.776h42.656v42.656h-42.656v-42.656z",
          "M175.328 714.432h42.656v42.656h-42.656v-42.656z",
          "M326.432 714.432h42.656v42.656h-42.656v-42.656z",
          "M477.568 714.432h42.656v42.656h-42.656v-42.656z",
          "M628.672 714.432h42.656v42.656h-42.656v-42.656z"
        ],
        "attrs": [
          {},
          {},
          {},
          {},
          {},
          {},
          {},
          {},
          {}
        ],
        "width": 868,
        "isMulticolor": false,
        "isMulticolor2": false,
        "grid": 0,
        "tags": [
          "calendar"
        ],
        "colorPermutations": {
          "2491802912552552551": [
            {},
            {},
            {},
            {},
            {},
            {},
            {},
            {},
            {}
          ]
        }
      },
      "attrs": [
        {},
        {},
        {},
        {},
        {},
        {},
        {},
        {},
        {}
      ],
      "properties": {
        "order": 617,
        "id": 19,
        "name": "calendar",
        "prevSize": 32,
        "code": 59649
      },
      "setIdx": 0,
      "setId": 2,
      "iconIdx": 4
    },
    {
      "icon": {
        "paths": [
          "M1046.048 562.464c-56.736 0-102.912 46.176-102.912 102.912s46.176 102.912 102.912 102.912c56.736 0 102.912-46.176 102.912-102.912s-46.176-102.912-102.912-102.912zM1046.048 743.712c-43.2 0-78.336-35.136-78.336-78.336s35.136-78.336 78.336-78.336 78.336 35.136 78.336 78.336c0 43.168-35.136 78.336-78.336 78.336z",
          "M481.216 562.464c-56.736 0-102.912 46.176-102.912 102.912s46.176 102.912 102.912 102.912c56.736 0 102.912-46.176 102.912-102.912s-46.176-102.912-102.912-102.912zM481.216 743.712c-43.2 0-78.336-35.136-78.336-78.336s35.136-78.336 78.336-78.336 78.336 35.136 78.336 78.336c0 43.168-35.136 78.336-78.336 78.336z",
          "M907.808 691.744v0z",
          "M349.312 691.744v0z",
          "M1247.712 540.032l-1.056-1.728-98.944-172.032c-1.76-3.136-5.984-4.224-9.056-4.224h-240.32v-93.632c0-0.064-0.032-0.128-0.032-0.192-0.16-5.216-7.84-12.544-13.248-12.544h-572.352c-4.64 0-9.92 6.784-9.92 12.704v396.928c0 6.624 5.76 15.744 9.92 15.744h36.608c5.024 0 9.632-5.056 9.632-10.624s-4.576-10.624-9.632-10.624h-25.28v-382.816h553.024v382.848h-264.384c-5.024 0-9.632 5.056-9.632 10.624s4.576 10.624 9.632 10.624h295.136c5.024 0 9.632-5.056 9.632-10.624s-4.576-10.624-9.632-10.624h-9.472v-276.512h148.896v134.528c0 5.376 8.608 14.368 13.76 14.368h155.2l11.84 12.704v114.912h-43.424c-5.024 0-9.6 5.056-9.6 10.624s4.576 10.624 9.632 10.624h52.32c4.64 0 12.384-9.856 12.384-15.744v-122.304c-0.096-0.544-1.056-2.080-1.632-3.008zM1196.864 510.944h-128.384v-127.616h64.544l72.992 127.616h-9.152z",
          "M261.504 298.24h-218.528c-6.784 0-12.288 9.184-12.288 15.936 0 6.784 5.504 15.968 12.288 15.968h218.528c6.784 0 12.288-9.184 12.288-15.968-0-6.752-5.504-15.936-12.288-15.936z",
          "M261.504 362.048h-186.624c-6.784 0-12.288 9.184-12.288 15.936 0 6.784 5.504 15.968 12.288 15.968h186.624c6.784 0 12.288-9.184 12.288-15.968-0-6.752-5.504-15.936-12.288-15.936z",
          "M261.504 425.856h-144.064c-6.784 0-12.288 9.184-12.288 15.936 0 6.784 5.504 15.968 12.288 15.968h144.096c6.784 0 12.288-9.184 12.288-15.968-0.032-6.752-5.536-15.936-12.32-15.936z",
          "M261.504 489.664h-101.536c-6.784 0-12.288 9.184-12.288 15.936 0 6.784 5.504 15.968 12.288 15.968h101.568c6.784 0 12.288-9.184 12.288-15.968-0.032-6.752-5.536-15.936-12.32-15.936z",
          "M1046.048 628.736c-20.192 0-36.608 16.416-36.608 36.608s16.416 36.608 36.608 36.608c20.192 0 36.608-16.416 36.608-36.608 0-20.16-16.416-36.608-36.608-36.608zM1046.048 677.408c-6.656 0-12.032-5.408-12.032-12.064 0-6.624 5.408-12.032 12.032-12.032s12.032 5.408 12.032 12.032c0 6.656-5.408 12.064-12.032 12.064z",
          "M481.216 628.736c-20.192 0-36.608 16.416-36.608 36.608s16.416 36.608 36.608 36.608 36.608-16.416 36.608-36.608c0-20.16-16.416-36.608-36.608-36.608zM481.216 677.408c-6.624 0-12.032-5.408-12.032-12.064 0-6.624 5.408-12.032 12.032-12.032 6.656 0 12.032 5.408 12.032 12.032 0 6.656-5.376 12.064-12.032 12.064z"
        ],
        "attrs": [
          {},
          {},
          {},
          {},
          {},
          {},
          {},
          {},
          {},
          {},
          {}
        ],
        "width": 1280,
        "isMulticolor": false,
        "isMulticolor2": false,
        "grid": 0,
        "tags": [
          "car"
        ],
        "colorPermutations": {
          "2491802912552552551": [
            {},
            {},
            {},
            {},
            {},
            {},
            {},
            {},
            {},
            {},
            {}
          ]
        }
      },
      "attrs": [
        {},
        {},
        {},
        {},
        {},
        {},
        {},
        {},
        {},
        {},
        {}
      ],
      "properties": {
        "order": 618,
        "id": 18,
        "name": "car",
        "prevSize": 32,
        "code": 59650
      },
      "setIdx": 0,
      "setId": 2,
      "iconIdx": 5
    },
    {
      "icon": {
        "paths": [
          "M801.376 530.144l-75.968-133.6c-2.080-3.584-5.888-5.856-10.048-5.856h-184.576v-67.264c0-6.368-5.184-11.552-11.552-11.552h-442.592c-6.368 0-11.552 5.184-11.552 11.552v306.976c0 6.4 5.184 11.552 11.552 11.552h28.32c6.368 0 11.552-5.152 11.552-11.552 0-6.368-5.184-11.552-11.552-11.552h-16.768v-283.84h419.52v283.872h-199.104c-6.368 0-11.552 5.184-11.552 11.552 0 6.4 5.184 11.552 11.552 11.552h228.256c6.368 0 11.52-5.152 11.52-11.552 0-6.368-5.152-11.552-11.52-11.552h-6.048v-205.024h112.928v102.528c0 6.368 5.184 11.552 11.552 11.552h118.24l6.24 10.976v79.968h-28.864c-6.368 0-11.552 5.184-11.552 11.552 0 6.4 5.184 11.552 11.552 11.552h40.448c6.368 0 11.552-5.152 11.552-11.52v-94.592c0-1.984-0.512-3.968-1.536-5.728zM666.848 504.8v-90.976h41.824l51.744 90.976h-93.568z",
          "M643.776 548.8c-45.024 0-81.664 36.64-81.664 81.664 0 44.992 36.64 81.632 81.664 81.632s81.632-36.64 81.632-81.632c-0.032-45.024-36.608-81.664-81.632-81.664zM643.776 688.96c-32.288 0-58.528-26.24-58.528-58.528s26.24-58.528 58.528-58.528 58.528 26.24 58.528 58.528c0 32.288-26.272 58.528-58.528 58.528z",
          "M206.944 548.8c-44.992 0-81.632 36.64-81.632 81.664 0 44.992 36.64 81.632 81.632 81.632 45.024 0 81.664-36.64 81.664-81.632 0-45.024-36.608-81.664-81.664-81.664zM206.944 688.96c-32.256 0-58.528-26.24-58.528-58.528s26.272-58.528 58.528-58.528c32.288 0 58.528 26.24 58.528 58.528s-26.24 58.528-58.528 58.528z",
          "M643.776 600.096c-16.736 0-30.368 13.632-30.368 30.336 0 16.736 13.632 30.368 30.368 30.368s30.368-13.632 30.368-30.368c0-16.704-13.632-30.336-30.368-30.336zM643.776 637.728c-4 0-7.264-3.264-7.264-7.296 0-4 3.264-7.264 7.264-7.264s7.264 3.264 7.264 7.264c-0.032 4.032-3.264 7.296-7.264 7.296z",
          "M206.944 600.096c-16.704 0-30.336 13.632-30.336 30.336 0 16.736 13.632 30.368 30.336 30.368 16.736 0 30.368-13.632 30.368-30.368 0-16.704-13.6-30.336-30.368-30.336zM206.944 637.728c-4 0-7.264-3.264-7.264-7.296 0-4 3.264-7.264 7.264-7.264s7.296 3.264 7.296 7.264c0 4.032-3.296 7.296-7.296 7.296z"
        ],
        "attrs": [
          {},
          {},
          {},
          {},
          {}
        ],
        "width": 868,
        "isMulticolor": false,
        "isMulticolor2": false,
        "grid": 0,
        "tags": [
          "car-item"
        ],
        "colorPermutations": {
          "2491802912552552551": [
            {},
            {},
            {},
            {},
            {}
          ]
        }
      },
      "attrs": [
        {},
        {},
        {},
        {},
        {}
      ],
      "properties": {
        "order": 619,
        "id": 17,
        "name": "car-item",
        "prevSize": 32,
        "code": 59651
      },
      "setIdx": 0,
      "setId": 2,
      "iconIdx": 6
    },
    {
      "icon": {
        "paths": [
          "M176.704 880.256c-24.16 0-43.904 19.744-43.904 43.904s19.744 43.872 43.904 43.872c24.16 0 43.872-19.712 43.872-43.872 0.032-24.128-19.712-43.904-43.872-43.904zM176.704 953.408c-16.256 0-29.248-13.024-29.248-29.248 0-16.256 12.992-29.28 29.248-29.28 16.224 0 29.248 13.024 29.248 29.28 0.032 16.256-12.992 29.248-29.248 29.248z",
          "M542.464 880.256c-24.16 0-43.872 19.744-43.872 43.904s19.712 43.872 43.872 43.872c24.16 0 43.872-19.712 43.872-43.872 0-24.128-19.712-43.904-43.872-43.904zM542.464 953.408c-16.224 0-29.248-13.024-29.248-29.248 0-16.256 13.024-29.28 29.248-29.28s29.248 13.024 29.248 29.28c-0 16.256-12.992 29.248-29.248 29.248z",
          "M649.76 55.936c-128.576 0-233.184 106.464-233.184 237.312 0 78.944 38.24 148.832 96.704 192-153.248 0-366.048 0-366.048 0l-14.624-46.176c-0.064-0.064-0.16-0.16-0.256-0.224-3.936-11.872-10.016-22.432-19.648-29.952s-22.432-11.424-38.4-11.424h-21.952c-4.032 0-7.328 3.232-7.328 7.296s3.264 7.328 7.328 7.328h21.952c13.536 0 22.72 3.168 29.472 8.48 6.72 5.216 11.296 12.928 14.624 22.88l92.608 291.904c-16.288 2.976-29.984 12.832-39.296 28.128-11.136 18.24-16.896 43.36-16.896 72.928 0 3.808 3.456 7.296 7.328 7.296h395.008c3.872 0.064 7.328-3.456 7.328-7.296 0-3.872-3.424-7.36-7.328-7.328h-387.072c0.96-24.032 5.664-44.512 13.952-58.048 8.928-14.656 20.576-22.048 35.424-22.4 0.384 0.032 0.736 0.032 1.12 0h314.56c35.68 0 70.528-23.744 80.256-56.48 0 0 31.2-105.376 48.032-162.272 122.208-7.264 219.52-110.432 219.52-236.608 0.032-130.88-104.576-237.344-233.184-237.344zM601.216 688.032c-7.424 25.088-37.088 45.952-66.048 45.952h-309.088l-74.272-234.080h383.712c33.312 19.136 71.584 30.24 112.416 30.56l-46.72 157.568zM667.872 514.848c-5.152 0.448-10.304 0.736-15.552 0.8-0.864 0-1.696 0.128-2.56 0.128-28.48 0-55.616-5.728-80.576-15.872-10.176-4.128-19.936-9.056-29.312-14.624-64.8-38.656-108.544-110.144-108.544-192 0-122.688 97.984-222.528 218.432-222.528s218.432 99.808 218.432 222.528c0 116.448-88.352 212.128-200.32 221.568z"
        ],
        "attrs": [],
        "width": 960,
        "isMulticolor": false,
        "isMulticolor2": false,
        "grid": 0,
        "tags": [
          "cart"
        ],
        "colorPermutations": {
          "2491802912552552551": [
            {
              "f": 1
            },
            {
              "f": 1
            },
            {
              "f": 1
            }
          ]
        }
      },
      "attrs": [],
      "properties": {
        "order": 620,
        "id": 16,
        "name": "cart",
        "prevSize": 32,
        "code": 59652
      },
      "setIdx": 0,
      "setId": 2,
      "iconIdx": 7
    },
    {
      "icon": {
        "paths": [
          "M1038.624 54.624l-45.248-45.248-457.376 457.376-457.376-457.376-45.248 45.248 457.376 457.376-457.376 457.376 45.248 45.248 457.376-457.376 457.376 457.376 45.248-45.248-457.376-457.376z"
        ],
        "attrs": [
          {}
        ],
        "width": 1064,
        "isMulticolor": false,
        "isMulticolor2": false,
        "grid": 0,
        "tags": [
          "close"
        ],
        "colorPermutations": {
          "2491802912552552551": [
            {}
          ]
        }
      },
      "attrs": [
        {}
      ],
      "properties": {
        "order": 621,
        "id": 15,
        "name": "close",
        "prevSize": 32,
        "code": 59653
      },
      "setIdx": 0,
      "setId": 2,
      "iconIdx": 8
    },
    {
      "icon": {
        "paths": [
          "M431.808 358.464c-14.016-0.064-27.968-0.032-41.952-0.032-28.192 0-56.416 0.032-84.64 0-5.696 0-5.856-0.096-5.792-5.312 0.32-30.592 0.672-61.152 1.184-91.712 0.064-4.224 0.768-8.512 1.856-12.608 3.52-13.696 12.768-22.048 26.208-25.12 8.256-1.888 16.832-2.912 25.312-3.072 24.864-0.448 49.792-0.288 74.656-0.32 7.904-0.032 8.224 0.864 8.224-8.128-0.064-29.408-0.032-58.784-0.032-88.192 0-16.576 0-33.184 0-49.792-0.032-8.288 0.704-7.456-7.776-7.456-38.4 0-76.8-0.096-115.232 0.064-10.592 0.064-21.28 0.448-31.872 1.472-18.624 1.824-37.024 4.896-54.784 11.232-21.12 7.488-39.52 18.784-54.528 35.744-13.664 15.424-22.368 33.408-28.288 52.736-8.192 26.912-11.040 54.752-11.36 82.752-0.416 33.184-0.16 66.368-0.16 99.552 0 8.448 0.48 8.224-8.064 8.192-31.264 0-62.56 0-93.888 0-1.408 0-2.848-0.032-4.256 0-4.928 0.16-4.928 0.192-5.088 5.408 0 0.96 0 1.92 0 2.848 0 45.984 0 92 0 137.984 0.032 7.776-0.8 7.296 7.264 7.296 31.776 0 63.52-0.032 95.328 0 10.048 0 8.672-1.088 8.672 8.64 0.032 143.648 0.032 287.296 0.032 430.944 0 1.888-0.064 3.776-0.096 5.696 55.488 0 110.976 0 166.432 0 0.096-2.368 0.224-4.736 0.224-7.104 0.064-142.944 0.096-285.888 0.128-428.8 0-2.112 0.064-4.256 0.032-6.4-0.032-2.080 0.96-3.008 3.040-2.944 1.664 0.064 3.328 0 4.96 0 22.752 0 45.504 0 68.256 0 12.8 0 25.632 0 38.4 0 7.456 0 7.008 0.576 7.616-6.592 0.8-9.184 1.952-18.368 2.944-27.52 1.76-16.224 3.52-32.48 5.28-48.704 1.344-12.224 2.592-24.48 3.904-36.704 0.992-9.408 2.080-18.816 3.008-28.224 0.512-5.504 0.224-5.792-5.152-5.824z"
        ],
        "attrs": [
          {}
        ],
        "width": 480,
        "isMulticolor": false,
        "isMulticolor2": false,
        "grid": 0,
        "tags": [
          "fb"
        ],
        "colorPermutations": {
          "2491802912552552551": [
            {}
          ]
        }
      },
      "attrs": [
        {}
      ],
      "properties": {
        "order": 622,
        "id": 14,
        "name": "fb",
        "prevSize": 32,
        "code": 59654
      },
      "setIdx": 0,
      "setId": 2,
      "iconIdx": 9
    },
    {
      "icon": {
        "paths": [
          "M673.312 96.16h-423.936c-112.16 0-203.872 91.744-203.872 203.904v54.592h304.576c31.808-21.408 70.112-33.984 111.296-33.984 41.152 0 79.456 12.544 111.264 33.984h304.576v-54.624c-0.032-112.128-91.808-203.872-203.904-203.872zM765.92 294.144h-87.168v-87.136h87.168v87.136z",
          "M660.96 520.288c0 110.080-89.568 199.616-199.648 199.616-110.048 0-199.616-89.536-199.616-199.616 0-31.584 7.552-61.408 20.736-88h-236.928v291.648c0 112.128 91.712 203.904 203.872 203.904h423.936c112.096 0 203.872-91.776 203.872-203.904v-291.616h-236.896c13.12 26.56 20.672 56.384 20.672 87.968z",
          "M583.264 520.288c0 67.352-54.6 121.952-121.952 121.952s-121.952-54.6-121.952-121.952c0-67.352 54.6-121.952 121.952-121.952s121.952 54.6 121.952 121.952z"
        ],
        "attrs": [
          {},
          {},
          {}
        ],
        "width": 896,
        "isMulticolor": false,
        "isMulticolor2": false,
        "grid": 0,
        "tags": [
          "instagram"
        ],
        "colorPermutations": {
          "2491802912552552551": [
            {},
            {},
            {}
          ]
        }
      },
      "attrs": [
        {},
        {},
        {}
      ],
      "properties": {
        "order": 623,
        "id": 13,
        "name": "instagram",
        "prevSize": 32,
        "code": 59655
      },
      "setIdx": 0,
      "setId": 2,
      "iconIdx": 10
    },
    {
      "icon": {
        "paths": [
          "M420.512 43.744h-5.536v-1.504c0-1.536-1.248-2.752-2.752-2.752h-67.616c-1.504 0-2.72 1.248-2.72 2.752v1.504h-230.304c-37.984 0-68.768 30.784-68.768 68.768v60.608h-0.96c-1.76 0-3.168 1.408-3.168 3.168v37.216c0 1.76 1.408 3.168 3.168 3.168h0.96v45.728h-0.96c-1.76 0-3.168 1.408-3.168 3.168v26.688c0 1.728 1.408 3.168 3.168 3.168h0.96v44.992h-0.96c-1.76 0-3.168 1.408-3.168 3.168v26.656c0 1.76 1.408 3.168 3.168 3.168h0.96v542.368c0 37.984 30.784 68.768 68.768 68.768h308.928c37.952 0 68.768-30.784 68.768-68.768v-803.264c0.032-37.984-30.784-68.768-68.768-68.768zM266.528 81.6c4.704 0 8.512 3.808 8.512 8.512s-3.808 8.512-8.512 8.512c-4.704 0-8.544-3.808-8.512-8.512 0-4.672 3.808-8.512 8.512-8.512zM235.936 115.072h61.856c5.728 0 10.336 3.744 10.336 9.44 0 5.728-4.64 9.44-10.336 9.44h-61.856c-5.696 0-10.336-3.744-10.336-9.44-0.032-5.696 4.608-9.44 10.336-9.44zM266.88 956.512c-22.816 0-41.312-18.496-41.312-41.312s18.496-41.28 41.312-41.28c22.816 0 41.28 18.496 41.28 41.312s-18.464 41.28-41.28 41.28zM462.464 861.664h-387.488v-689.888h387.456v689.888z"
        ],
        "attrs": [
          {}
        ],
        "width": 520,
        "isMulticolor": false,
        "isMulticolor2": false,
        "grid": 0,
        "tags": [
          "ipgone"
        ],
        "colorPermutations": {
          "2491802912552552551": [
            {}
          ]
        }
      },
      "attrs": [
        {}
      ],
      "properties": {
        "order": 624,
        "id": 12,
        "name": "iphone",
        "prevSize": 32,
        "code": 59656
      },
      "setIdx": 0,
      "setId": 2,
      "iconIdx": 11
    },
    {
      "icon": {
        "paths": [
          "M48.576 188.736v646.56h1022.88v-646.56h-1022.88zM981.952 787.232l-269.664-269.664-149.664 125.504-162.368-130.784-264.832 264.832-27.296-27.296 261.92-261.824-260.448-209.632 24.288-30.016 428.288 344.8 410.784-344.576 24.896 29.568-255.904 214.528 267.264 267.264-27.264 27.296z"
        ],
        "attrs": [
          {}
        ],
        "width": 1120,
        "isMulticolor": false,
        "isMulticolor2": false,
        "grid": 0,
        "tags": [
          "mail"
        ],
        "colorPermutations": {
          "2491802912552552551": [
            {}
          ]
        }
      },
      "attrs": [
        {}
      ],
      "properties": {
        "order": 625,
        "id": 11,
        "name": "mail",
        "prevSize": 32,
        "code": 59657
      },
      "setIdx": 0,
      "setId": 2,
      "iconIdx": 12
    },
    {
      "icon": {
        "paths": [
          "M603.008 526.848l0.544-4.224 0.768-4.896 0.192-0.928h-24.128l1.312 21.44h20.672v-0.544z",
          "M474.144 498.784l0.64-1.44 0.8-1.472 1.184-1.184 1.344-1.312 1.696-1.056 1.856-0.928 1.984-0.8 2.272-0.8 2.496-0.384 2.656-0.416 3.84-0.256 3.424-0.256 3.040-0.128h2.784l2.528 0.128 2.368 0.128 2.112 0.128 1.856 0.256 1.856 0.288 3.456 0.512 1.568 0.256 1.728 0.288 1.728 0.256 1.856 0.256 1.856 0.128 6.72-29.888-1.056-0.128-1.184-0.288-1.184-0.128-1.312-0.256-1.6-0.256-1.728-0.288-1.856-0.384-2.24-0.256-5.024-0.544-3.040-0.256-3.328-0.256-3.68-0.128-4.096-0.128-4.512-0.16h-4.896l-7.808 0.16-7.136 0.512-6.496 0.928-5.952 1.184-5.28 1.472-4.768 1.984-4.256 2.112-3.808 2.496-3.328 2.912-2.784 3.328-2.368 3.424-2.112 3.968-1.6 4.256-1.312 4.48-0.928 4.896-0.672 5.152-0.128 8.48 1.184 7.136 2.368 5.952 3.328 5.056 4.224 4.096 4.64 3.424 5.024 2.784 5.28 2.4 5.184 2.112 5.152 1.856 4.64 1.984 3.968 1.984 3.296 2.24 2.272 2.656 1.184 3.296-0.288 3.84-0.512 1.984-0.672 2.112-1.056 2.112-1.312 1.856-1.856 1.856-2.4 1.472-3.040 1.056-3.808 0.768-3.84 0.16h-3.84l-3.84-0.16-3.84-0.128-3.712-0.384-3.584-0.384-3.424-0.544-3.328-0.512-3.168-0.544-2.912-0.672-2.656-0.512-4.608-1.056-1.856-0.544-1.472-0.384-1.184-0.288-5.952 29.248 2.24 0.8 2.144 0.8 2.112 0.8 2.24 0.512 2.24 0.672 2.528 0.384 2.496 0.544 2.784 0.256 3.040 0.416 3.2 0.256 3.552 0.256 3.968 0.128 4.384 0.128h4.64l5.28 0.128h5.696l4.096-0.128 4.352-0.256 4.384-0.384 4.512-0.8 4.608-1.056 4.512-1.344 4.352-1.696 4.256-1.984 4.096-2.528 3.68-2.912 3.456-3.296 3.040-3.84 2.656-4.384 2.112-5.024 1.6-5.408 0.928-6.24 0.512-8.32-0.512-7.136-1.344-5.984-2.112-5.024-2.784-4.096-3.296-3.296-3.712-2.784-3.968-2.24-4.224-1.728-4.384-1.6-4.352-1.44-4.256-1.344-3.968-1.44-3.68-1.728-3.2-1.984-2.624-2.496-1.344-1.728-1.056-1.728-0.512-1.728-0.416-1.696v-1.6z",
          "M591.776 430.528h2.944l0.352-2.144h-36.64l-25.28 144.384-0.416 3.296-0.384 3.040v2.912l0.128 2.784 0.416 2.528 0.64 2.24 0.928 2.24 1.312 1.856 1.728 1.728 2.272 1.6 2.496 1.312 3.040 1.184 3.584 0.928 4.224 0.8 4.64 0.512 5.28 0.416h10.080l2.24-0.256 2.112-0.288 1.984-0.256 1.728-0.256 1.6-0.288 1.568-0.256 1.344-0.256 1.312-0.384 1.184-0.416 1.184-0.384 1.056-0.416 0.928-0.384 0.928-0.544 0.928-0.512 0.928-0.544 0.928-0.64 4.64-24.608-0.256 0.128-0.8 0.256-1.184 0.384-1.728 0.544-2.112 0.512-2.4 0.416-2.656 0.256-2.88 0.128-3.2-0.256-2.912-0.544-2.624-0.768-2.4-0.928-1.728-1.472-1.312-1.728-0.672-2.24 0.128-2.656 12.704-73.824 23.296 0.672 4.768-29.92h-22.112l1.504-8.864h-3.488z",
          "M640.864 540.864h85.856l0.672-8.064 1.984-11.104 0.928-10.048-0.128-8.992-1.056-7.936-1.856-7.008-2.656-6.080-3.296-5.28-3.968-4.512-4.352-3.712-4.768-3.168-5.152-2.368-5.28-1.984-5.44-1.312-5.408-0.928-5.408-0.512-5.152-0.128-10.784 0.448-9.536 1.6-8.608 2.4-7.68 3.296-6.624 3.968-5.824 4.512-5.152 5.024-4.224 5.28-3.712 5.568-3.040 5.792-2.368 5.696-1.984 5.696-1.44 5.568-0.864 4.224-0.192 0.928-0.8 4.896-0.512 4.224-0.672 10.848 0.032 0.512 0.384 9.248 1.44 8.864 2.24 7.808 3.168 7.008 3.84 6.080 4.512 5.44 5.152 4.512 5.568 3.84 5.952 3.296 6.208 2.528 6.496 1.984 6.624 1.6 6.624 0.928 6.624 0.672 6.496 0.128h4.384l4.096-0.128h3.584l3.424-0.128 3.040-0.256 2.784-0.256 2.656-0.256 2.368-0.384 2.24-0.416 2.112-0.512 2.112-0.672 1.984-0.672 1.984-0.8 2.112-0.8 4.224-2.112 5.28-32.544-3.84 2.24-3.712 2.112-3.84 1.6-3.712 1.44-3.584 1.184-3.712 0.8-3.584 0.672-3.584 0.544-3.584 0.256-3.456 0.128h-3.584l-3.456-0.128-3.424-0.256-3.424-0.416-3.296-0.384-3.424-0.512-2.656-0.544-2.656-0.928-2.656-1.184-2.368-1.472-2.368-1.6-2.112-1.984-1.984-1.984-1.856-2.24-1.6-2.24-1.44-2.528-1.056-2.368-0.928-2.528-0.544-2.528-0.256-2.496 0.128-2.4 0.32-1.6zM646.272 512.832l0.544-2.784 0.8-2.656 0.928-2.656 1.184-2.368 1.184-2.24 1.44-2.112 1.6-1.984 1.728-1.856 1.728-1.6 1.984-1.44 1.984-1.184 2.24-1.056 2.24-0.8 2.24-0.544 2.368-0.384 2.528-0.128 2.368 0.256 2.24 0.384 2.112 0.544 2.112 0.8 1.984 1.056 1.984 1.184 1.728 1.312 1.6 1.6 1.312 1.856 1.312 1.984 0.928 2.24 0.928 2.528 0.544 2.656 0.256 2.912 0.128 3.168-0.256 3.296h-48.416l0.416-1.984z",
          "M1329.856 579.648l-0.384-0.256-0.416-0.288-0.64-0.128-0.672-0.128h-5.408v5.28h3.296l1.184-0.256 0.928-0.128 0.8-0.256 0.672-0.256 0.512-0.416 0.256-0.384 0.288-0.672v-0.928l-0.16-0.672z",
          "M1340.064 581.632l-0.8-2.912-1.312-2.656-1.728-2.24-2.112-1.856-2.528-1.312-2.912-0.928-3.040-0.256-3.040 0.256-2.912 0.928-2.528 1.312-2.112 1.856-1.728 2.24-1.312 2.656-0.8 2.912-0.256 3.168 0.256 3.168 0.8 2.912 1.312 2.528 1.728 2.24 2.112 1.856 2.528 1.44 2.912 0.928 3.040 0.256 3.040-0.256 2.912-0.928 2.528-1.44 2.112-1.856 1.728-2.24 1.312-2.528 0.8-2.912 0.256-3.168-0.128-0.8-0.128-2.368zM1332.768 582.016l-0.256 0.928-0.384 0.8-0.544 0.672-0.672 0.544-0.8 0.256-0.928 0.256h-0.928l3.968 6.624h-2.624l-3.968-6.624h-3.296v6.624h-3.296v-16.032h7.264l1.6 0.128 1.44 0.256 1.056 0.384 0.928 0.512 0.672 0.8 0.544 0.8 0.256 0.928 0.128 0.928-0.16 1.216z",
          "M778.624 518.368l-1.344 5.568-0.512 2.912-1.504 8.768h46.592l-0.256-4.128 0.288-10.336 0.864-6.528h-42.784l-0.448 1.12z",
          "M1257.472 514.528l-0.512-3.296-0.928-3.168-1.056-3.040-1.344-2.656-1.568-2.528-1.728-2.112-1.984-1.856-2.24-1.568-2.4-1.056-2.496-0.672-2.784-0.256-3.584 0.256-3.296 0.512-3.040 1.088-3.040 1.312-2.656 1.728-2.656 2.112-2.24 2.24-2.24 2.528-1.984 2.912-1.856 3.040-1.728 3.168-1.472 3.456-1.312 3.552-1.056 3.584-1.056 3.84-0.8 3.84-0.64 5.824 0.256 6.336 0.928 6.496 1.696 6.208 2.656 5.44 3.456 4.352 4.352 2.912 5.312 1.056 3.68-0.256 3.456-0.8 3.168-0.928 3.040-1.44 2.784-1.6 2.656-1.984 2.496-2.24 2.272-2.4 1.984-2.624 1.824-2.912 1.728-3.072 1.472-3.168 1.312-3.296 1.056-3.456 0.928-3.552 0.672-3.584 0.672-3.712 0.384-3.84v-3.552l-0.128-3.712z",
          "M372.768 591.808l-0.672 4.896-0.896 5.44h33.344l5.28-29.376 13.376-69.856 0.8-5.28v-5.024l-0.8-4.512-1.312-4.224-1.984-3.968-2.656-3.584-2.912-3.168-3.296-2.912-3.712-2.528-3.968-2.24-3.968-1.856-4.096-1.6-4.224-1.184-4.096-0.928-3.968-0.672-3.712-0.256-9.28-0.256h-12.672l-7.808 0.256-3.712 0.256-3.584 0.256-6.848 1.088-6.336 1.344-3.168 0.928-2.912 1.056-2.912 1.184-9.408 31.904 1.44-0.8 1.856-0.928 2.368-0.8 2.912-0.8 3.168-0.672 3.456-0.672 3.84-0.672 3.968-0.512 4.096-0.544 8.448-0.768 4.352-0.256 4.224-0.128h4.096l3.968 0.128 3.712 0.128 3.456 0.256 3.168 0.8 2.784 1.184 2.496 1.728 2.112 1.984 1.6 2.368 1.184 2.656 0.544 2.912-0.256 2.528-0.672 2.784-0.8 2.4-0.256 0.928h-0.384l-1.312-0.128-1.856-0.128-2.368-0.128h-2.912l-2.912-0.128-3.168-0.128h-4.512l-1.856 0.128-1.984 0.128-2.112 0.128-2.112 0.256-2.432 0.064-6.72 0.768-1.984 0.256-1.856 0.128-1.6 0.256-1.44 0.128-0.928 0.128-0.672 0.128h-0.256l-4.64 0.8-4.512 1.184-4.384 1.44-4.224 1.856-3.968 2.112-3.84 2.528-3.712 2.784-3.296 3.040-3.168 3.36-2.784 3.712-2.368 3.84-2.144 4.224-1.728 4.512-1.312 4.64-0.8 4.896-0.384 5.152v2.912l0.256 2.912 0.384 3.040 0.544 3.040 0.8 2.912 1.056 2.912 1.312 2.912 1.6 2.784 1.856 2.656 2.112 2.528 2.656 2.368 2.912 2.112 3.296 1.984 3.712 1.728 4.224 1.312 4.64 1.184 3.584 0.512 3.712 0.416 3.84-0.128 3.84-0.256 3.968-0.512 3.84-0.8 3.84-0.928 3.84-1.184 3.584-1.312 3.424-1.6 3.296-1.6 3.168-1.856 2.784-1.856 2.496-1.984 2.112-2.112 1.856-2.112-0.544 1.984-0.512 3.68zM373.44 557.024l-0.8 1.6-0.928 1.6-1.056 1.568-1.312 1.472-1.6 1.6-1.728 1.312-1.984 1.44-2.24 1.184-2.528 1.184-2.656 0.928-3.040 0.8-3.456 0.512-3.584 0.384-3.968 0.128-2.112-0.128-2.112-0.384-2.24-0.8-1.984-1.312-1.728-1.984-1.312-2.656-0.672-3.584 0.128-4.512 0.384-2.112 0.8-2.112 0.928-1.856 1.312-1.728 1.472-1.6 1.6-1.6 1.728-1.312 1.856-1.312 1.728-1.056 1.856-0.928 1.728-0.928 1.728-0.8 1.44-0.672 1.44-0.512 1.056-0.384 0.928-0.256 1.44-0.384 1.6-0.384 1.856-0.384 1.984-0.256 4.224-0.512 2.24-0.256 2.112-0.128h3.968l1.728 0.128 1.44 0.256 1.312 0.256 0.8 0.384 0.512 0.672 0.128 0.672-0.672 3.456-0.8 4.224-0.928 4.384-1.056 3.84-0.384 1.472-0.576 1.376z",
          "M271.936 602.144l30.72-173.76h-65.376l-43.264 103.104-5.984-103.104h-62.56l-30.048 173.76h36l21.952-129.824h1.984l0.256 6.368 0.928 15.072 1.216 20.768 1.312 23.712 1.312 23.552 1.184 20.512 0.928 14.4 0.288 5.44h40.608l53.856-129.824h1.472l-22.784 129.824z",
          "M1033.728 536.768l-0.928-0.384-1.312-0.416-1.472-0.128-1.728-0.128h-1.984l-1.984 0.128-2.112 0.256-2.112 0.288-2.112 0.256-1.984 0.256-1.984 0.416-1.728 0.256-1.728 0.384-1.312 0.288-0.928 0.128-1.056 0.384-1.312 0.384-1.472 0.544-1.728 0.8-1.568 0.8-1.856 0.928-3.456 2.368-1.728 1.472-1.44 1.44-1.472 1.728-1.184 1.856-0.928 1.984-0.8 2.112-0.384 2.24-0.128 4.512 0.672 3.552 1.056 2.656 1.568 1.984 1.984 1.344 2.272 0.768 2.24 0.416 2.24 0.128 3.968-0.128 3.712-0.416 3.456-0.64 3.040-0.928 2.912-1.056 2.496-1.216 2.4-1.312 2.112-1.6 1.856-1.44 1.568-1.728 1.472-1.568 1.184-1.728 0.928-1.6 0.672-1.568 0.512-1.6 0.416-1.472 0.512-3.68 0.672-3.84 0.544-3.712 0.256-3.296-0.256-0.8z",
          "M1368.384 482.784l-1.44-19.84-2.496-19.584-3.456-19.2-4.352-18.912-5.28-18.528-6.208-18.272-7.008-17.728-7.936-17.344-8.608-16.928-9.6-16.256-10.176-16-11.008-15.392-11.648-14.688-12.288-14.272-13.088-13.632-13.632-12.96-14.304-12.32-14.816-11.648-15.36-10.976-16-10.176-16.416-9.408-16.928-8.608-17.472-7.936-17.856-7.008-18.272-6.208-18.656-5.28-18.912-4.352-19.456-3.488-19.584-2.528-20-1.44-20.224-0.512-20.128 0.544-19.968 1.44-19.584 2.496-19.328 3.424-18.912 4.352-18.656 5.344-18.144 6.208-17.856 7.008-17.344 7.936-16.8 8.608-16.384 9.408-15.872 10.176-4.192 3.008-11.136 7.968-14.88 11.648-7.904 6.848-14.24-12.352-15.072-11.84-15.648-11.168-16.192-10.368-16.704-9.568-17.088-8.736-17.696-8.096-18.144-7.104-18.432-6.336-19.008-5.376-19.264-4.448-19.648-3.488-19.968-2.56-20.288-1.472-20.48-0.544-20.576 0.544-20.352 1.504-19.904 2.56-19.808 3.52-19.264 4.448-19.008 5.408-18.592 6.336-18.208 7.168-17.728 8.064-17.248 8.768-16.704 9.568-16.32 10.4-15.584 11.168-15.072 11.84-14.56 12.544-13.824 13.184-13.376 13.92-12.48 14.496-11.872 14.976-11.2 15.68-10.304 16.224-9.728 16.64-8.736 17.184-8.064 17.696-7.136 18.048-6.336 18.592-5.376 18.88-4.416 19.264-3.488 19.552-2.56 19.968-1.472 20.16-0.512 20.48 0.544 20.576 1.472 20.32 2.56 19.904 3.52 19.808 4.448 19.264 5.408 19.008 6.336 18.56 7.168 18.208 8.064 17.728 8.8 17.28 9.664 16.64 10.4 16.32 11.168 15.616 11.84 15.040 12.576 14.592 13.28 13.824 13.92 13.344 14.528 12.512 15.072 11.84 15.68 11.2 16.256 10.336 16.736 9.728 17.216 8.736 17.792 8.096 18.176 7.136 18.592 6.336 19.008 5.376 19.296 4.448 19.776 3.488 19.968 2.56 20.288 1.472 20.416 0.544 20.608-0.544 20.352-1.504 19.936-2.56 19.68-3.52 19.264-4.448 19.008-5.408 18.432-6.304 18.24-7.168 17.6-8.064 17.12-8.768 16.672-9.696 16.16-10.4 15.584-11.168 15.072-11.872 13.984-12.16-6.272-5.44-4.192-4.032-12.448 10.816-14.56 11.456-15.040 10.784-15.616 10.016-16.096 9.344-16.544 8.48-16.96 7.776-17.568 6.912-17.76 6.112-18.304 5.216-18.592 4.288-18.976 3.392-19.2 2.464-19.648 1.44-19.936 0.512-19.744-0.512-19.584-1.408-19.264-2.464-19.104-3.36-18.592-4.288-18.304-5.184-17.952-6.112-17.536-6.848-17.184-7.84-16.608-8.416-16.16-9.376-15.68-9.984-15.104-10.784-14.592-11.456-14.016-12.064-13.44-12.896-12.8-13.344-12.096-14.048-11.456-14.56-10.784-15.040-10.048-15.776-9.344-16.064-8.48-16.672-7.808-17.12-6.912-17.568-6.112-17.92-5.216-18.304-4.288-18.56-3.392-19.104-2.464-19.2-1.44-19.648-0.512-19.872 0.512-19.776 1.408-19.488 2.464-19.232 3.36-18.848 4.288-18.56 5.184-18.176 6.112-17.952 6.88-17.376 7.808-17.088 8.416-16.608 9.408-16.064 9.984-15.68 10.752-15.072 11.456-14.464 12.032-14.016 12.896-13.408 13.376-12.736 14.048-12.096 14.56-11.456 15.040-10.784 15.744-10.016 16.096-9.216 16.672-8.48 17.12-7.808 17.568-6.912 17.92-6.112 18.336-5.216 18.56-4.288 19.104-3.392 19.2-2.464 19.648-1.44 19.872-0.544 19.808 0.512 19.584 1.408 19.232 2.464 18.976 3.36 18.592 4.288 18.304 5.184 17.856 6.112 17.504 6.88 17.056 7.808 16.512 8.448 16.096 9.216 15.584 9.984 15.104 10.784 14.56 11.424 9.12 7.936 3.456 3.2 14.72 14.112 9.024 9.888h-46.4l-18.016 21.056h82.88l8.768 12.032 10.624 16h-120.96l-12.576 21.024h146.752l6.080 8.032 7.968 12.992h-174.816l-9.28 21.024h193.6l5.632 15.232 3.936 12.8h-212.576l-6.624 21.024h225.6l0.864 3.68 4.288 19.296 0.768 5.056h-236.832l-4.096 21.024h244.416l1.6 12.16 0.704 9.312 0.608-1.344 1.984-4.096 1.984-3.84 2.24-3.712 2.368-3.456 2.368-3.296 2.656-3.168 2.656-2.912 2.784-2.784 3.040-2.656 3.040-2.528 3.168-2.24 3.296-2.112 3.584-1.984 3.584-1.728 3.712-1.6 3.84-1.472 4.096-1.312 4.096-1.056 4.224-0.928 4.512-0.8 4.512-0.672 4.768-0.512 4.768-0.256 5.024-0.128 4.224 0.128 4.096 0.256 3.968 0.384 3.968 0.544 3.712 0.544 3.584 0.8 3.424 0.672 3.168 0.8 3.040 0.8 2.656 0.8 2.496 0.8 2.112 0.8 1.856 0.672 1.6 0.544 1.184 0.512 0.8 0.256-6.624 36.64-1.728-0.928-1.728-0.8-1.856-0.928-1.984-0.928-1.856-0.864-4.48-1.6-2.368-0.8-2.528-0.672-2.528-0.512-2.784-0.544-2.784-0.384-6.080-0.512h-9.76l-3.456 0.256-3.584 0.384-3.712 0.672-3.712 1.056-3.712 1.44-3.712 1.856-3.712 2.368-3.584 2.912-3.456 3.424-3.296 4.224-3.168 4.896-2.912 5.824-2.784 6.624-2.528 7.424-2.112 8.48-0.8 4.768-0.544 4.64-0.256 4.64 0.128 4.512 0.384 4.512 0.928 4.224 1.184 3.968 1.472 3.968 1.984 3.584 2.368 3.424 2.784 3.040 3.168 2.784 3.584 2.368 4.096 1.984 4.512 1.728 5.024 1.184 1.728 0.384 1.984 0.384 2.4 0.256 2.656 0.256 2.912 0.256h6.336l3.296-0.256 3.424-0.416 3.456-0.672 3.296-0.928 3.296-1.056 3.296-1.472 3.040-1.728 2.784-2.112 2.656-2.4-5.952 35.328-0.8 0.672-0.8 0.8-1.056 0.928-1.184 0.8-1.472 1.056-1.856 0.928-2.112 0.928-2.368 0.8-3.040 0.928-3.424 0.672-3.968 0.512-4.576 0.608-5.152 0.256-5.952 0.128-6.752-0.128-7.424-0.384-6.080-0.672-6.080-1.312-6.080-1.984-6.080-2.656-5.824-3.168-5.568-3.968-5.28-4.64-4.896-5.312-4.384-5.952-3.712-6.624-0.672-1.568h-58.080l-3.552 21.024h59.776l-3.168 14.752-3.488 13.28h-220.416l6.624 21.024h207.040l-0.896 2.208-6.88 18.784-2.56 7.008h-186.592l9.92 21.024h166.496l-12.672 19.712-1.984 1.312h-137.152l13.376 21.024h109.632l-4.512 7.648-11.456 15.008-4.256 5.376h-69.408l18.656 21.024h31.2l-1.056 1.472-13.376 13.088-1.44 1.376 4.192 4.096 6.272 5.472 7.904 6.88 14.816 11.648 15.36 10.976 15.872 10.176 16.416 9.536 16.8 8.608 17.344 7.936 17.856 7.008 18.144 6.208 18.656 5.312 18.912 4.352 19.328 3.424 19.584 2.496 19.968 1.44 20.128 0.544 20.256-0.544 20-1.44 19.584-2.496 19.456-3.424 18.912-4.352 18.656-5.312 18.272-6.208 17.856-7.008 17.472-7.936 16.928-8.608 16.416-9.536 16-10.176 15.36-10.976 14.816-11.648 14.304-12.32 13.632-13.088 13.088-13.632 12.32-14.304 11.648-14.816 10.976-15.36 10.176-16 9.536-16.416 8.608-16.928 7.936-17.472 7.008-17.856 6.208-18.272 5.28-18.656 4.352-18.912 3.456-19.456 2.496-19.584 1.44-19.968 0.544-20.256-0.544-20.128zM1067.328 572.896l-5.408 29.376-0.128 0.672-0.672 0.128h-34.144l0.128-0.928 0.256-5.408v-4.768l0.096-2.624-2.080 2.080-2.368 1.856-5.568 3.712-3.168 1.6-3.456 1.6-3.296 1.312-7.424 2.112-3.712 0.672-3.84 0.544-3.84 0.256-3.712 0.128-3.52-0.416-3.712-0.544-4.768-1.184-4.384-1.312-3.84-1.728-3.424-2.112-3.040-2.112-2.656-2.528-2.112-2.528-1.856-2.784-1.728-2.784-1.184-3.040-1.056-3.040-0.672-2.912-0.512-3.040-0.384-3.168-0.256-2.912-0.128-2.912 0.384-5.152 0.8-5.024 1.184-4.768 1.728-4.512 1.984-4.352 2.656-3.968 2.784-3.712 3.168-3.296 3.424-3.168 3.584-2.784 3.968-2.656 4.096-2.112 4.224-1.856 4.352-1.472 4.512-1.184 4.64-0.8h0.256l0.512-0.128 1.056-0.128 1.312-0.128 1.728-0.256 1.856-0.128 1.984-0.256 2.112-0.256 2.24-0.256 2.368-0.256 2.24-0.128 2.24-0.256 2.112-0.128 1.856-0.128 1.856-0.256h4.64l3.168 0.256h5.952l2.528 0.256 2.112 0.128 1.12 0.128 0.064-0.256 0.384-2.368 0.384-2.656 0.128-2.528h0.128l-0.544-2.784-1.056-2.4-1.6-2.24-1.856-1.856-2.24-1.6-2.528-1.216-2.784-0.8-3.040-0.128v-0.128l-3.712-0.128h-12.288l-4.352 0.256-8.448 0.768-7.936 1.056-3.84 0.672-3.456 0.672-3.168 0.672-2.912 0.8-2.304 0.768-1.728 0.928-1.312 0.672-1.312-0.8 9.248-31.904 0.128-0.544 0.384-0.128 2.912-1.184 3.040-1.056 3.168-0.928 3.168-0.672 3.296-0.672 3.296-0.512 3.584-0.544 3.584-0.256 3.712-0.256 3.84-0.128 3.84-0.256h12.416l4.512 0.128 4.512 0.256 3.712 0.256 4.096 0.672 4.096 0.928 4.352 1.184 4.096 1.6 4.224 1.856 3.968 2.368 3.84 2.528 3.296 2.912 3.168 3.296 2.656 3.712 2.112 4.096 1.44 4.352 0.928 4.64v5.024l-0.672 5.408-13.792 69.92zM1152.416 495.104l-3.84 1.312-3.456 1.6-3.040 1.984-2.656 2.112-2.368 2.24-2.112 2.528-1.728 2.656-1.6 2.784-1.28 2.88-1.056 2.912-1.6 5.824-0.512 2.912-13.376 75.296h-37.312l24.736-141.728h37.184l-3.968 23.936 1.856-2.656 1.984-2.368 1.984-2.528 1.984-2.24 4.224-4.224 2.24-1.856 2.368-1.856 2.528-1.6 2.656-1.44 2.784-1.312 2.912-1.056 3.168-0.928 3.296-0.672 3.584-0.384 3.712-0.256-5.952 34.016h-3.296l-5.152 0.256-4.64 0.8-4.256 1.056zM1282.368 602.144h-36.64l2.656-14.688v-1.312l-2.112 2.656-2.24 2.368-2.24 2.112-2.368 1.856-2.368 1.728-2.368 1.44-2.368 1.184-2.528 1.184-2.624 0.928-2.496 0.672-2.528 0.672-5.312 0.768-2.528 0.256-2.656 0.128h-2.656l-6.88-0.544-6.336-1.44-5.824-2.24-5.28-3.040-4.768-3.84-4.224-4.512-3.712-4.896-3.168-5.568-2.656-5.952-2.112-6.208-1.44-6.496-1.056-6.752-0.384-6.752 0.128-6.88 0.672-6.752 1.184-6.752 1.984-7.808 2.368-7.424 2.784-6.752 3.296-6.336 3.456-5.952 3.968-5.28 4.096-4.768 4.352-4.352 4.64-3.84 4.896-3.296 5.024-2.912 5.024-2.24 5.28-1.856 5.28-1.184 5.28-0.8 5.44-0.256 3.84 0.128 3.712 0.384 3.424 0.672 3.168 0.928 3.040 1.056 2.656 1.184 2.656 1.472 2.368 1.44 2.112 1.6 1.984 1.728 1.728 1.728 1.6 1.728 1.312 1.728 1.184 1.728 1.056 1.6 0.8 1.6 9.248-52h36l-29.824 173.024zM1343.904 588.64l-1.056 3.584-1.856 3.168-2.24 2.656-2.784 2.24-3.168 1.728-3.456 1.056-3.712 0.384-3.712-0.384-3.456-1.056-3.168-1.728-2.784-2.24-2.24-2.656-1.856-3.168-1.056-3.584-0.384-3.84 0.384-3.84 1.056-3.584 1.856-3.168 2.24-2.784 2.784-2.24 3.168-1.6 3.456-1.056 3.712-0.384 3.712 0.384 3.456 1.056 3.168 1.6 2.784 2.24 2.24 2.784 1.856 3.168 1.056 3.584 0.384 3.84-0.384 3.84z",
          "M775.264 535.616l1.504-8.768 0.512-2.912 1.344-5.568 0.896-2.624 0.448-1.12 0.64-1.536 1.312-2.528 1.568-2.368 1.856-2.24 2.112-1.984 2.4-1.984 2.912-1.6 3.168-1.472 3.712-1.184 4.096-1.056 4.512-0.672 5.152-0.384h0.384l0.544 0.128 0.672 0.128h0.64l0.672 0.128 0.544 0.16 0.384 0.128h0.128l0.128-0.544 0.416-1.568 0.512-2.4 0.672-2.912 0.928-3.424 0.928-3.712 2.368-7.424 1.056-2.496 1.344-2.528 1.312-2.496 1.312-2.272 1.184-1.984 0.928-1.568 0.672-0.928 0.256-0.416h-0.128l-0.512-0.128-0.672-0.128-0.928-0.128h-0.928l-1.056-0.128-0.928-0.128h-0.928l-4.096 0.256-3.712 0.384-3.424 0.672-3.2 0.8-3.040 1.056-2.784 1.312-2.496 1.344-2.368 1.568-2.272 1.728-2.112 1.984-1.984 1.984-1.984 2.24-1.984 2.272-1.856 2.496-3.968 5.312 4.768-23.968h-37.984l-24.736 141.728h37.984l2.944-17.472 3.52-21.024z",
          "M1343.904 740.8l-1.088-3.424-1.824-3.040-2.272-2.656-2.752-2.112-3.2-1.6-3.424-0.928-3.712-0.384-3.712 0.384-3.424 0.928-3.2 1.6-2.752 2.112-2.272 2.656-1.856 3.040-1.056 3.424v0.544h3.84l0.8-2.784 1.312-2.496 1.728-2.272 2.112-1.856 2.528-1.44 2.912-0.928 3.040-0.256 3.040 0.256 2.912 0.928 2.528 1.44 2.112 1.856 1.728 2.272 1.312 2.496 0.8 2.784v0.128l0.256 2.784v0.384l-0.256 3.2-0.8 2.912-1.312 2.496-1.728 2.24-2.112 1.856-2.528 1.472-2.912 0.928-3.040 0.256-3.040-0.256-2.912-0.928-2.528-1.472-2.112-1.856-1.728-2.24-1.312-2.496-0.8-2.912-0.256-3.2v-0.384h-3.968v0.384l0.384 3.84 1.056 3.584 1.856 3.168 2.272 2.784 2.752 2.24 3.2 1.6 3.424 1.056 3.712 0.384 3.712-0.384 3.424-1.056 3.2-1.6 2.752-2.24 2.272-2.784 1.824-3.168 1.088-3.584 0.384-3.84v-0.384l-0.384-2.912z",
          "M1311.2 741.472v-0.128h-3.84l-0.384 2.912h3.968z",
          "M1322.336 745.312h3.296l3.968 6.624h2.656l-3.968-6.624h0.928l0.928-0.256 0.8-0.256 0.672-0.544 0.544-0.544 0.384-0.672 0.256-0.8 0.128-0.928-0.128-1.184-0.256-0.928-0.544-0.8-0.672-0.672-0.928-0.512-1.056-0.256-1.44-0.256h-8.864v15.232h3.296v-6.624zM1322.336 741.344v-2.656h5.44l1.344 0.256 0.768 0.512 0.256 0.512 0.128 0.672v0.928l-0.256 0.672-0.256 0.384-0.544 0.384-0.672 0.256-0.8 0.256-0.928 0.128-1.184 0.256h-3.296v-2.56z"
        ],
        "attrs": [],
        "width": 1420,
        "isMulticolor": false,
        "isMulticolor2": false,
        "grid": 0,
        "tags": [
          "mastercard"
        ],
        "colorPermutations": {
          "2491802912552552551": [
            {
              "f": 1
            },
            {
              "f": 1
            },
            {
              "f": 1
            },
            {
              "f": 1
            },
            {
              "f": 1
            },
            {
              "f": 1
            },
            {
              "f": 1
            },
            {
              "f": 1
            },
            {
              "f": 1
            },
            {
              "f": 1
            },
            {
              "f": 1
            },
            {
              "f": 1
            },
            {
              "f": 1
            },
            {
              "f": 1
            },
            {
              "f": 0
            },
            {
              "f": 1
            }
          ]
        }
      },
      "attrs": [],
      "properties": {
        "order": 626,
        "id": 10,
        "name": "mastercard",
        "prevSize": 32,
        "code": 59658,
        "codes": [
          59658
        ]
      },
      "setIdx": 0,
      "setId": 2,
      "iconIdx": 13
    },
    {
      "icon": {
        "paths": [
          "M448 490.144c-83.904 0-151.616 68.416-151.616 152.32s67.712 151.616 151.616 151.616c83.232 0 151.616-67.68 151.616-151.616s-68.416-152.32-151.616-152.32zM448 775.744c-73.312 0-132.576-59.936-132.576-133.28 0-74.048 59.232-133.984 132.576-133.984s132.576 59.936 132.576 133.984c0 73.312-59.232 133.28-132.576 133.28z",
          "M122.912 488.736c30.336-12 58.528-24.672 88.864-37.376 0 0 0-0.704 0.704-0.704 12.704-6.336 21.152-13.408 23.968-23.264 2.816-10.592 0-19.744-3.52-32.448-3.52-14.816-4.928-23.968-2.816-32.448 2.816-8.448 9.152-17.632 23.968-30.336 45.824-40.896 114.944-44.416 179.84-44.416 9.152 0 18.336 0 27.488 0h0.704c64.896 0 133.984 3.52 179.84 44.416 14.816 12.704 21.152 21.856 23.264 30.336 2.816 8.48 1.408 17.632-2.816 32.448-2.816 12.704-6.368 21.856-2.816 32.448 2.816 9.856 11.296 16.928 23.968 23.264 0.704 0 0.704 0.704 0.704 0.704 30.336 12.704 58.528 25.376 88.864 37.376 21.152 8.448 41.6 4.928 54.272-7.744 12.704-13.408 18.336-32.448 19.744-54.304 4.928-106.496-76.864-246.112-267.264-273.6-28.928-3.52-75.456-6.336-114.944-7.040-1.408-0.704-2.112-0.704-2.816-0.704-4.224 0-9.152 0-14.112 0s-9.888 0-14.112 0c-1.408 0-2.112 0-2.816 0.704-39.488 0.704-86.016 3.52-114.912 7.040-190.4 27.488-272.928 167.136-267.968 273.6 1.408 21.856 7.040 40.896 20.448 54.304 12.672 12.672 32.416 16.192 54.272 7.744zM318.272 172.096c28.192-4.224 76.16-7.040 115.648-7.744 0.704 0 1.408 0 2.112 0 3.552 0 7.744 0 12 0 3.552 0 7.744 0 11.296 0 0.704 0 1.408 0 2.112 0 40.192 0.704 88.16 3.52 116.352 7.744 181.216 26.080 255.264 157.952 250.336 253.856-0.704 18.336-6.336 33.856-14.112 41.6-7.744 7.744-17.632 10.592-33.856 3.52-30.336-11.296-57.824-23.968-88.16-36.672-10.592-6.336-13.408-9.152-14.816-12.704-0.704-2.816 0-9.856 3.52-21.856 4.224-15.52 6.336-28.896 2.816-42.304s-13.408-25.376-28.928-39.488h-0.704c-52.16-46.528-126.24-49.344-191.808-49.344h-0.704c-9.152 0-18.336 0-27.488 0-65.568 0-139.616 2.816-192.512 49.344-15.52 14.112-25.376 26.080-28.928 39.488-4.224 13.408-2.112 26.784 2.112 42.304 3.52 12 4.928 19.040 3.52 21.856-0.704 3.52-3.52 6.336-14.816 12.704-29.632 12.704-57.824 25.376-87.424 36.672-16.928 7.040-26.080 4.224-34.56-3.52-7.744-7.744-13.408-23.264-14.112-41.6-4.896-95.872 69.856-227.744 251.104-253.856z",
          "M867.552 790.528l-59.936-214.368c-12.704-47.264-60.64-83.904-109.312-83.904h-52.864l-24.672-117.76c-0.704-2.816-2.816-5.632-5.632-7.040-46.528-21.856-102.24-23.264-153.024-23.264h-0.704c-9.152 0-18.336 0-27.488 0-50.784 0-106.496 1.408-153.728 23.264-2.112 1.408-4.224 4.224-4.928 7.040l-24.672 117.76h-52.928c-49.344 0-96.608 36.672-110.016 83.904l-59.232 214.368c-7.040 23.264-2.816 45.824 9.152 62.048 12 16.224 33.152 26.112 57.12 26.112h706.592c23.968 0 44.416-9.888 57.12-26.112 12-16.224 16.224-38.784 9.152-62.048zM843.616 841.312c-8.48 11.296-23.264 18.336-42.336 18.336h-706.56c-19.744 0-33.856-7.072-42.304-18.336-8.48-11.296-11.296-26.784-6.336-45.824l59.936-214.368c10.592-38.080 52.192-69.824 91.68-69.824h60.672c4.224 0 8.448-2.816 9.152-7.744l25.376-120.576c41.6-17.632 92.352-20.448 141.024-20.448 9.152 0 18.336 0 27.488 0h0.704c48.672 0 99.456 2.816 141.024 20.448l25.376 120.576c0.704 4.928 4.224 7.744 9.152 7.744h60.64c38.784 0 81.088 31.744 91.68 69.824l59.936 214.368c4.96 19.040 2.144 34.528-6.304 45.824z"
        ],
        "attrs": [
          {},
          {},
          {}
        ],
        "width": 896,
        "isMulticolor": false,
        "isMulticolor2": false,
        "grid": 0,
        "tags": [
          "phone"
        ],
        "colorPermutations": {
          "2491802912552552551": [
            {},
            {},
            {}
          ]
        }
      },
      "attrs": [
        {},
        {},
        {}
      ],
      "properties": {
        "order": 627,
        "id": 9,
        "name": "phone",
        "prevSize": 32,
        "code": 59659
      },
      "setIdx": 0,
      "setId": 2,
      "iconIdx": 14
    },
    {
      "icon": {
        "paths": [
          "M360 30.24c-181.152 0-328 146.816-328 327.968s328 635.552 328 635.552 328-454.4 328-635.552c0-181.152-146.848-327.968-328-327.968zM360 532.672c-88.64 0-160.512-71.872-160.512-160.512s71.872-160.512 160.512-160.512c88.672 0 160.512 71.872 160.512 160.512-0.032 88.672-71.872 160.512-160.512 160.512z"
        ],
        "attrs": [
          {}
        ],
        "width": 720,
        "isMulticolor": false,
        "isMulticolor2": false,
        "grid": 0,
        "tags": [
          "point"
        ],
        "colorPermutations": {
          "2491802912552552551": [
            {}
          ]
        }
      },
      "attrs": [
        {}
      ],
      "properties": {
        "order": 628,
        "id": 8,
        "name": "point",
        "prevSize": 32,
        "code": 59660
      },
      "setIdx": 0,
      "setId": 2,
      "iconIdx": 15
    },
    {
      "icon": {
        "paths": [
          "M634.304 624.448c-3.552-6.752-6.432-13.92-10.368-20.416-5.952-9.856-13.408-18.688-21.248-27.072-3.168-3.392-6.784-6.4-10.304-9.472-4.512-3.968-8.864-8.192-13.76-11.68-7.744-5.504-15.616-10.848-23.808-15.744-8.64-5.184-17.664-9.632-27.136-12.928-10.208-3.488-20.384-6.944-31.136-8.768-6.816-1.152-13.664-2.464-20.512-3.712-2.56-0.48-5.312-0.288-7.68-0.992-4.832-1.472-9.824-1.632-14.752-2.496-5.472-0.992-11.008-1.92-16.512-2.88-8.512-1.472-16.512-4.352-24.32-7.744-9.088-3.936-17.888-8.64-26.048-14.304-4.768-3.296-9.632-6.496-13.856-10.656-6.432-6.336-12.128-13.216-17.344-20.512-1.792-2.432-3.264-5.088-4.864-7.68-0.384-0.704-0.512-1.568-0.8-2.336-0.256 0.864-0.576 1.696-0.768 2.56-0.224 1.024-0.576 2.080-0.512 3.136 0.224 5.856-0.352 11.744 0.736 17.632 0.96 5.056 1.92 10.080 3.296 15.008 0.224 0.864 0.48 1.76 0.64 2.624 0.192 0.992-0.352 1.408-1.312 1.344-0.928-0.032-2.048 0.32-2.816-0.064-3.904-1.856-8.32 0.256-12.16-1.792-6.592 0.096-12.96-1.632-19.392-2.784-7.264-1.312-14.432-2.976-21.472-5.088-9.856-2.944-19.584-6.432-28.928-10.816-9.792-4.576-19.392-9.472-28.704-15.072-11.84-7.104-22.88-15.136-33.088-24.256-9.696-8.672-18.784-18.080-26.464-28.8-6.816-9.472-12.96-19.296-18.24-29.664-2.048-4-3.712-8.16-5.728-12.192-3.36-6.848-5.856-14.080-8.416-21.216-1.632-4.512-2.656-9.216-4-13.792-2.24-7.776-3.84-15.68-5.344-23.648-0.8-4.32-1.024-8.736-1.888-13.088-0.448-2.432 0-5.024-0.16-7.552-0.128-2.4-0.864-4.8-0.8-7.232 0.224-7.584-0.672-15.2 0.736-22.816 0.768-3.904 0.224-7.968 0.928-11.968 1.056-5.792 1.792-11.68 2.848-17.504 1.088-5.92 2.816-11.68 4.416-17.44 2.176-7.904 5.248-15.552 8.736-23.008 3.392-7.392 7.072-14.592 11.52-21.44 6.336-9.792 13.344-19.072 21.408-27.52 4.576-4.8 9.792-8.928 14.912-13.216 7.616-6.336 15.904-11.616 24.704-16.064 3.456-1.76 6.976-3.456 10.592-4.864 5.28-2.080 10.496-4.256 16.096-5.504 6.048-1.344 11.904-3.456 18.144-3.68 2.24-1.568 4.864-0.544 7.232-0.992 2.4-0.448 4.768-0.96 7.264-0.928 11.776 0.16 23.552-0.352 35.264 1.792 4.16 0.768 8.448 1.152 12.576 2.080 5.568 1.248 11.136 2.432 16.576 4.096 8.704 2.656 17.344 5.664 25.6 9.536 11.712 5.472 23.2 11.424 33.92 18.72 6.176 4.192 12.128 8.672 18.144 13.152 7.328 5.504 13.376 12.384 20.512 18.080 2.016 1.6 3.328 4.032 5.184 5.888 4.576 4.608 8.768 9.568 12.832 14.656 5.984 7.488 11.616 15.2 16.768 23.328 6.464 10.176 12.384 20.608 17.28 31.616 5.024 11.36 9.28 22.944 12.64 34.944 2.272 8.128 4.192 16.288 5.568 24.608 0.384 2.432 0.192 5.024 0.96 7.2 0.864 2.336 0.512 4.576 0.8 6.816 0.32 2.432 0.864 4.832 0.864 7.232 0.096 10.208 0.032 20.448 0.064 30.656 0.032 3.712-0.64 7.392-1.152 10.976-0.672 4.736-1.248 9.568-2.56 14.24-1.248 4.48-1.984 9.088-3.136 13.6-0.704 2.688-1.632 2.944-3.84 1.376-5.472-3.808-11.328-6.848-17.6-9.056-6.56-2.304-13.184-4.384-20.288-4.288-0.48 0-1.024 0.16-1.376 0-4.864-2.496-9.664 1.184-14.496 0.032-2.272 1.408-5.024 0.96-7.424 1.888-0.256 0.096-0.48 0.32-0.704 0.512 0.256 0.16 0.512 0.448 0.768 0.448 4.48 0 8.928 0.16 13.408 0.8 3.776 0.544 7.552 1.248 11.008 2.528 6.016 2.208 12 4.512 17.536 7.968 6.368 3.968 12.48 8.224 18.016 13.248 6.112 5.504 11.456 11.68 15.904 18.656 4.224 6.592 8.192 13.248 10.528 20.832 1.312 4.128 2.976 8.16 3.456 12.544 0.096 0.928 0.928 1.76 1.376 2.656 0.544-0.544 1.12-1.088 1.696-1.632 0.416-0.448 0.928-0.864 1.28-1.376 4.224-6.624 9.152-12.768 13.248-19.552 4.128-6.816 8.352-13.6 11.968-20.704 3.744-7.328 7.552-14.624 10.304-22.432 1.504-4.224 3.040-8.416 4.896-12.48 2.72-5.888 4.224-12.16 5.888-18.304 1.632-5.888 3.232-11.872 4.224-18.016 0.8-4.896 1.76-9.792 2.688-14.688 0.576-2.912 0.224-5.952 1.024-8.64 0.768-2.496 0.48-4.864 0.768-7.296 0.288-2.4 0.928-4.832 0.864-7.264-0.352-11.84 0.8-23.712-0.704-35.584-0.736-5.728-1.088-11.552-1.952-17.312-0.8-5.376-1.632-10.752-2.944-16.032-1.664-6.688-3.072-13.44-5.152-20.032-3.52-11.264-7.872-22.208-12.736-32.992-3.68-8.096-7.936-15.872-12.576-23.36-8.64-13.92-18.368-27.072-29.536-39.072-4.992-5.376-10.24-10.464-15.808-15.296-6.752-5.856-13.6-11.488-20.768-16.832-10.080-7.52-20.8-14.048-31.872-19.872-5.44-2.848-11.104-5.312-16.672-7.84-3.552-1.6-7.040-3.296-10.752-4.448-12.256-3.84-24.32-8.448-37.088-10.688-4.256-0.736-8.608-1.472-12.8-2.624-2.56-0.736-5.312-0.32-7.648-1.088-2.688-0.832-5.44 0.064-7.712-0.896-2.848-1.248-5.536-0.352-8.256-0.8-3.552 0-7.072 0-10.592 0-0.768 0-1.568 0.192-1.696-0.928-6.304 0-12.576 0-18.88 0-0.128 1.12-0.928 0.928-1.696 0.928-3.552 0-7.040 0-10.592 0-4.608 0.32-9.312 0.288-13.856 1.088-5.504 0.992-11.072 1.664-16.544 2.752-3.552 0.704-7.136 1.152-10.656 2.080-6.944 1.76-13.92 3.584-20.736 5.728-10.656 3.36-21.248 7.168-31.36 12.032-8.64 4.128-17.312 8.32-25.664 13.088-8.96 5.088-17.408 10.912-25.92 16.672-9.6 6.464-18.304 13.952-26.784 21.664-9.6 8.672-18.56 18.016-26.656 28.192-5.28 6.56-10.528 13.12-15.232 20.096-5.344 7.84-10.56 15.776-14.976 24.224-3.456 6.624-6.88 13.28-9.856 20.192-4.992 11.52-9.408 23.2-12.928 35.296-2.080 7.2-3.872 14.496-5.376 21.792-0.928 4.416-2.080 8.864-2.272 13.504-0.096 2.368-0.096 5.056-0.928 7.2-0.96 2.528-0.416 4.896-0.768 7.328-0.32 2.4-0.832 4.8-0.864 7.232-0.096 10.528-0.032 21.088-0.064 31.616 0 4.32 1.536 8.544 0.928 12.896 0 0.16-0.064 0.384 0 0.448 1.472 1.6 0.704 3.552 0.96 5.376 0.224 1.792 0.672 3.552 0.896 5.376 0.384 2.72 0.288 5.568 1.056 8.16 1.088 3.744 1.664 7.616 2.752 11.36 1.504 5.312 2.912 10.656 4.448 15.968 1.088 3.744 2.624 7.328 3.872 10.976 2.272 6.496 4.672 12.928 7.744 19.072 3.968 7.904 7.84 15.904 12.352 23.52 4.256 7.168 8.896 14.112 14.176 20.64 4.96 6.112 9.92 12.192 15.36 17.888 2.976 3.136 6.464 5.824 9.568 8.832 5.216 5.024 10.944 9.44 16.672 13.888 9.504 7.328 19.616 13.728 30.112 19.456 8.8 4.8 17.792 9.248 27.104 13.088 3.552 1.472 7.104 3.168 10.784 4.352 10.656 3.424 21.12 7.456 32.032 10.144 5.376 1.312 10.72 2.816 16.128 4.032 3.552 0.8 7.136 1.248 10.688 1.92 3.712 0.704 7.52 0.832 11.232 1.824 2.464 0.64 5.12 0.8 7.68 0.992 2.592 0.16 5.248 0.8 7.712 0.768 6.4-0.064 12.672 1.376 19.072 1.12 8.864-0.352 17.76 0.768 26.624-0.8 3.904-0.704 7.936-0.384 11.968-0.864 6.208-0.736 12.288-1.888 18.432-2.976 5.312-0.928 10.528-2.272 15.744-3.808 4.736-1.376 9.504-2.752 14.336-3.744 5.632-1.152 11.36-1.664 17.024-2.816 2.24-0.448 4.704 0 7.040-0.128 2.272-0.16 4.544-0.864 6.784-0.8 8.224 0.224 16.48-0.736 24.736 0.736 3.904 0.704 7.936 0.352 11.968 0.864 6.208 0.736 12.288 1.984 18.432 2.912 6.464 0.96 12.8 2.4 18.944 4.224 9.12 2.688 18.272 5.632 26.912 9.696 10.048 4.736 20.096 9.504 29.504 15.488 14.048 8.928 26.784 19.488 38.752 31.008 2.24 2.144 4 4.736 6.176 6.944 6.016 6.144 11.328 12.832 14.88 20.704 1.28 2.816 3.008 4.16 6.080 3.648 0-1.888 0-3.776 0-5.664-2.048-0.64-0.544-2.4-1.184-3.616z",
          "M544.896 704.48c-6.464-0.032-12.896-0.032-19.36 0-3.2 0-5.568 1.44-6.048 4.448-0.864 5.536-2.624 10.816-3.904 16.256-1.664 7.040-3.488 14.016-5.28 20.992-1.664 6.4-3.424 12.768-5.024 19.168-2.016 8.192-3.84 16.416-5.856 24.608-2.112 8.48-4.288 16.928-6.464 25.344-0.832 3.040-1.824 6.016-2.784 9.024-0.096 0.288-0.416 0.544-0.672 0.8-0.096-0.256-0.224-0.544-0.32-0.832-2.272-8.704-5.216-17.216-7.84-25.824-3.136-10.176-6.368-20.32-9.536-30.464-3.104-10.016-6.304-20.032-9.376-30.048-2.4-7.712-4.896-15.424-7.264-23.168-0.64-2.176-1.568-4.192-1.952-6.496-0.512-2.976-1.824-3.808-4.736-3.84-2.848-0.032-5.664 0.16-8.48-0.064-2.336-0.16-3.456 0.864-4.064 2.88-0.64 2.176-1.216 4.352-1.856 6.496-3.008 9.728-6.080 19.456-9.056 29.216s-5.888 19.52-8.864 29.28c-2.144 7.040-4.16 14.112-6.432 21.088-3.264 9.984-6.048 20.096-9.312 30.080-0.128 0.352-0.512 0.64-0.8 0.928-0.352-0.352-0.928-0.672-1.056-1.12-1.312-4.928-2.56-9.888-3.808-14.848-1.696-6.88-3.328-13.728-5.024-20.608-2.112-8.32-4.224-16.608-6.336-24.928-1.376-5.536-2.528-11.168-4.16-16.64-2.4-7.904-4.096-16.032-6.208-24-1.248-4.64-2.4-9.312-3.776-13.92-1.056-3.616-1.472-3.84-5.152-3.84-4.256-0.032-8.512 0-12.736 0-4.576 0-9.12-0.064-13.696 0-3.424 0.064-4.832 2.24-3.808 5.568 0.448 1.44 0.992 2.816 1.408 4.256 2.144 7.488 4.256 15.008 6.368 22.528 1.344 4.768 2.688 9.536 4.032 14.304 2.112 7.488 4.224 15.008 6.4 22.528 1.6 5.6 3.296 11.232 4.896 16.832 2.208 7.648 4.32 15.328 6.496 22.944 1.6 5.632 3.264 11.264 4.832 16.864 2.144 7.52 4.256 15.040 6.336 22.56 1.696 6.080 3.296 12.16 5.056 18.24 1.088 3.744 2.336 7.424 3.52 11.136 0.8 2.56 2.464 3.648 5.248 3.52 4.064-0.192 8.16-0.032 12.256-0.064 3.552-0.032 4.256-0.448 5.312-3.808 0.864-2.72 1.376-5.568 2.272-8.256 3.712-10.944 6.976-21.984 10.4-33.024 3.456-11.008 7.104-21.952 10.368-33.024 2.528-8.608 5.408-17.152 8.16-25.728 0.928-2.848 1.888-5.696 2.848-8.544 0.064-0.288 0.256-0.544 0.384-0.8 0.192 0.192 0.448 0.352 0.544 0.576 0.352 0.992 0.64 2.016 0.96 2.976 3.68 10.784 7.36 21.568 10.976 32.384 6.752 20.192 13.44 40.384 20.16 60.608 1.312 3.968 2.336 8.096 3.84 11.968 0.8 1.984 1.504 4.608 4.48 4.64 5.184 0.032 10.368 0 15.584 0 0.864 0 1.152-0.416 1.664-1.152 2.176-3.072 2.496-6.784 3.584-10.176 1.728-5.248 3.328-10.624 4.672-15.968 2.752-11.264 6.272-22.272 9.344-33.408 1.312-4.768 2.688-9.536 4-14.304 1.888-6.656 3.84-13.28 5.6-19.936 1.472-5.536 3.072-10.976 4.704-16.448 3.168-10.816 5.568-21.856 8.864-32.608 2.816-9.184 4.736-18.592 8.16-27.616 0.672-1.824 0.864-3.84 0.928-5.824 0.224-3.328-0.192-3.68-3.616-3.712z",
          "M212.288 932.032c-6.752-2.048-13.504-3.84-20.096-6.464-13.248-5.28-24.736-12.672-33.248-24.224-2.784-3.776-5.024-7.904-6.592-12.32-0.512-1.504 0.064-2.72 1.664-3.264 11.2-3.84 20.448-10.688 28.8-18.88 1.664-1.6 2.976-3.552 4.48-5.312 6.208-7.2 10.816-15.36 13.92-24.288 2.016-5.792 3.904-11.616 5.088-17.76 0.992-5.216 2.048-10.496 2.336-15.68 0.672-11.872 0.256-23.712-2.432-35.488-1.76-7.68-4-15.104-7.264-22.208-3.2-6.944-7.328-13.248-12.224-19.2-4.16-5.088-9.056-9.184-14.24-13.056-4.512-3.36-9.408-5.92-14.624-8.064-8.8-3.616-17.984-5.312-27.36-5.92-4.608-0.288-9.248 0.064-13.888 0.704-3.776 0.544-7.488 1.088-11.168 2.048-7.744 2.048-15.136 4.992-21.824 9.44-6.848 4.544-12.96 9.792-18.176 16.256-6.368 7.936-10.848 16.704-14.144 26.176-1.664 4.704-3.488 9.344-3.808 14.368-1.504 1.728-0.448 3.968-1.024 5.824-1.312 3.968-1.152 8.128-1.696 12.192-0.352 2.784-0.064 5.664-0.064 9.728 0.512 3.52-0.064 8.256 0.64 13.12 0.896 5.696 1.856 11.36 3.008 17.024 1.376 7.040 4.096 13.568 7.168 19.84 2.72 5.536 6.272 10.72 10.24 15.648 6.208 7.712 13.696 13.568 22.272 18.208 7.456 4.032 15.264 7.104 23.808 8.192 1.92 0.224 3.744 1.312 4.576 3.552 2.336 6.208 6.176 11.552 10.432 16.48 3.744 4.352 7.904 8.352 12.512 11.936 5.568 4.32 11.488 7.936 17.632 11.264 6.592 3.584 13.632 6.24 20.8 8.48 6.464 2.016 12.928 4.096 19.744 4.8 2.688 1.856 5.952 0.48 8.928 1.664 1.952 0.8 4.64 0.576 6.688-0.8 1.536-0.992 3.584-2.048 4.032-3.488 0.48-1.6 2.496-3.616 0.288-5.504-0.096-3.36-2.72-4.288-5.184-5.024zM136.384 867.040c-4.928 1.408-10.048 2.912-15.232 0.768-12.576-1.312-20.736-9.12-27.424-18.848-5.216-7.552-8.064-16.096-9.568-25.12-0.768-4.352-1.248-8.768-2.016-13.088-0.928-4.992-0.576-9.92-0.704-14.848-0.16-5.024-0.512-10.144 0.128-15.072 1.248-9.856 2.528-19.744 6.368-29.12 2.336-5.728 4.864-11.168 9.344-15.488 3.264-3.072 6.304-6.24 10.24-8.64 5.984-3.712 12.192-5.152 19.072-5.312 8.096-0.16 15.36 2.048 21.824 6.752 4.544 3.328 8.288 7.424 11.392 12.16 4.704 7.168 7.424 15.104 9.376 23.328 1.056 4.416 1.408 9.056 2.144 13.536 0.992 5.92 0.352 11.808 0.736 16.512 0 3.52 0.192 5.888-0.032 8.256-0.256 2.912 0.544 5.824-0.64 8.768-1.024 2.528 0.512 5.568-1.184 8.128-0.128 5.536-2.080 10.624-3.712 15.808-2.208 6.912-5.568 12.992-10.272 18.528-5.408 6.304-11.968 10.752-19.84 12.992z",
          "M623.584 704.48c-9.28-0.032-18.56-0.032-27.84 0-2.816 0-4.16 1.248-4.544 4.032-0.128 0.928-0.032 1.888-0.032 2.848 0 55.84 0 111.68 0 167.52 0 0.928-0.096 1.888 0.032 2.848 0.352 2.624 1.696 4 4.128 4 9.28 0.064 18.56 0.064 27.84 0 2.176 0 3.68-1.568 3.808-3.776 0.064-1.088 0.032-2.208 0.032-3.296 0-27.68 0-55.36 0-83.040 0-28.16 0-56.32 0-84.48 0-1.248 0.128-2.528-0.064-3.776-0.288-1.92-1.44-2.88-3.36-2.88z",
          "M287.2 885.728c2.208 0 3.616-1.568 3.776-3.808 0.064-1.248 0.032-2.528 0.032-3.776 0-27.68 0-55.36 0-83.040 0-5.024 0-10.080 0-15.104 0-23.424 0-46.848-0.032-70.304 0-4.256-0.96-5.216-5.184-5.216-8.352 0-16.672-0.032-25.024 0-3.488 0-4.672 1.248-4.736 4.736-0.032 0.64 0 1.248 0 1.888 0 56 0 112 0 168 0 0.928-0.064 1.888 0 2.816 0.128 2.208 1.568 3.776 3.808 3.776 9.12 0.064 18.24 0.064 27.36 0.032z",
          "M360.672 933.28c-1.824-2.176-5.44-1.76-7.36 0.832-3.328 4.544-6.496 9.216-9.824 13.728-7.392 10.080-14.848 20.16-22.272 30.24-0.224 0.288-0.384 0.64-0.608 0.96-0.128-0.416-0.352-0.864-0.352-1.28-0.032-13.344-0.032-26.72-0.032-40.064 0-1.088 0.032-2.208-0.032-3.296-0.064-1.44-0.832-2.24-2.272-2.336-1.088-0.064-2.208-0.128-3.296 0-1.824 0.224-2.816 1.44-2.816 3.296-0.032 9.28 0 18.56 0 27.84 0 8.96 0 17.92 0 26.88 0 0.928-0.064 1.888 0 2.816 0.096 1.408 0.928 2.24 2.368 2.272 1.696 0.032 3.424-0.128 5.152 0.032 1.376 0.128 2.080-0.608 2.688-1.504 4.032-5.536 8.064-11.104 12-16.672 6.016-8.416 11.936-16.896 17.92-25.312 0.224-0.32 0.672-0.512 1.024-0.768 0.096 0.448 0.32 0.864 0.32 1.312 0.032 12.416 0.032 24.832 0.032 37.248 0 1.088-0.032 2.176 0 3.296 0.032 1.472 0.896 2.208 2.304 2.336 0.928 0.064 1.856 0.032 2.816 0 1.824-0.032 3.040-1.056 3.264-2.848 0.128-0.928 0-1.888 0-2.848 0-17.28 0-34.592 0-51.872 0-0.64 0.128-1.28-0.032-1.888-0.224-0.8-0.448-1.76-0.992-2.4z",
          "M414.656 962.208c-0.64-0.288-1.28-0.512-1.952-0.768 0.384-0.608 0.64-1.568 1.216-1.76 2.88-1.024 4.224-3.584 5.6-5.856 2.848-4.672 1.76-11.84-1.472-15.296-3.744-4-8.384-5.92-13.28-6.272-6.304-0.448-12.704-1.088-19.040 0.672-3.104 0.864-3.2 0.704-3.2 3.84-0.032 8.8 0 17.6 0 26.4s-0.032 17.6 0.032 26.4c0 1.312-0.032 3.040 0.736 3.872 0.928 0.992 2.624 1.312 4.032 1.728 0.704 0.224 1.536 0.064 2.336 0.064 3.936 0 7.872 0.032 11.808 0.032 3.232 0 6.432 0.032 9.6-0.928 4.864-1.504 9.28-3.424 12.064-8.064 1.696-2.816 1.568-5.792 1.888-8.832 0.672-6.464-4.992-12.896-10.368-15.232zM394.56 938.528c1.248 0.128 2.496 0 4.16 0 2.72-0.352 5.632 0.16 8.352 1.888 2.368 1.504 3.616 3.488 3.808 6.336 0.256 4.064-0.288 7.776-3.968 10.208-2.272 1.536-5.024 1.952-7.68 2.272-1.952 0.256-4-0.064-6.016-0.128-0.096-1.984-0.32-3.968-0.352-5.952-0.064-4.224 0-8.448-0.064-12.672 0.032-1.184 0.128-2.112 1.76-1.952zM412.448 984.544c-0.416 0.576-1.216 0.864-1.824 1.28-3.552 2.432-7.52 3.136-11.744 2.848-1.856-0.128-3.712-0.16-5.6-0.224-0.128-1.984-0.352-3.968-0.384-5.952-0.064-1.856-0.032-3.744-0.032-5.632 0-3.296 0.128-6.592-0.064-9.888-0.096-1.824 0.64-2.016 2.176-2.016 4.576 0 9.152-0.096 13.504 1.92 5.824 2.72 8.32 11.68 3.968 17.664z",
          "M492 963.104c0-7.872 0.032-15.712-0.032-23.584 0-2.144-0.224-4.288-0.384-6.464-2.176-0.064-4.352-0.064-6.528-0.224-1.536-0.096-2.56 0.384-3.424 1.76-1.664 2.688-3.52 5.312-5.408 7.904-6.336 8.768-12.736 17.472-19.104 26.24-1.664 2.336-3.232 4.768-4.896 7.104-0.224 0.288-0.8 0.384-1.248 0.416-0.128 0-0.416-0.448-0.448-0.704-0.064-0.928-0.032-1.888-0.032-2.848 0-11.616 0-23.264 0-34.88 0-5.152 0-5.152-5.312-4.992-0.32 0-0.64 0-0.928 0-0.96-0.032-1.376 0.448-1.312 1.408 0.032 0.64 0 1.248 0 1.888 0 18.208 0 36.448 0 54.688 0 0.64 0 1.248 0 1.888 0 1.504 0.864 2.176 2.24 2.4 3.392 0.576 5.44-0.96 7.2-3.744 2.336-3.744 4.992-7.264 7.584-10.848 4.704-6.56 9.376-13.12 14.144-19.648 2.848-3.968 5.792-7.872 8.768-11.776 0.288-0.384 0.896-0.576 1.344-0.864 0.064 0.448 0.224 0.896 0.224 1.344 0.032 13.344 0.032 26.72 0.032 40.064 0 1.088-0.128 2.208 0.064 3.296 0.096 0.672 0.64 1.728 1.088 1.792 1.792 0.192 3.68 0.32 5.376-0.096 1.504-0.352 1.056-2.048 1.056-3.264-0.064-9.408-0.064-18.816-0.064-28.256z",
          "M277.792 965.568c-3.808-4.992-3.84-5.856 0.032-10.592 5.152-6.272 10.176-12.64 15.2-19.072 0.512-0.608 0.832-1.824 0.544-2.464-0.256-0.64-1.344-1.248-2.144-1.376-3.104-0.48-5.888 0.096-7.744 2.976-0.64 1.024-1.344 2.016-2.080 2.976-4.96 6.24-9.952 12.48-14.944 18.72-0.192 0.224-0.48 0.416-0.704 0.608-0.192-0.352-0.512-0.704-0.512-1.088-0.064-6.752-0.032-13.504-0.064-20.256 0-1.696-1.248-3.84-2.56-3.936-1.824-0.128-3.744-0.096-5.536 0.288-1.216 0.256-2.24 0.928-2.24 2.848 0.192 9.44 0.096 18.848 0.096 28.288s-0.032 18.848 0 28.288c0 2.752 0.544 3.296 3.136 3.36 1.248 0.032 2.496 0.032 3.744 0 1.952 0 3.104-0.928 3.36-2.784 0.128-0.928 0-1.888 0-2.816 0-7.392 0-14.752 0-22.144 0-0.448 0.224-0.864 0.352-1.312 0.352 0.224 0.8 0.352 1.024 0.672 1.216 1.728 2.304 3.552 3.552 5.248 4.384 6.048 9.216 11.84 13.12 18.176 2.72 4.48 6.176 5.472 10.816 5.024 1.312-0.128 2.528-0.16 3.168-1.408 0.576-1.12-0.16-1.984-0.832-2.912-6.304-8.384-12.448-16.928-18.784-25.312z",
          "M465.152 452.448c-0.32 0-0.64 0.032-0.928 0-6.912-0.832-12.672 5.888-12.768 12.544-0.032 2.912 0.544 5.632 1.472 8.48 2.432 7.52 11.68 13.632 18.528 13.024 5.344-0.48 11.52-5.728 12.032-11.008 0.48-4.832-0.16-9.472-2.816-13.664-3.616-5.728-8.352-9.568-15.52-9.376z",
          "M516.128 434.368c-1.888-0.832-3.68-1.312-5.152-0.16-1.536 1.216-2.24 3.424-1.856 5.344 0.608 3.040 1.664 6.016 2.784 8.96 1.088 2.912 2.272 5.856 3.808 8.576 1.28 2.336 2.368 4.896 5.248 6.016 2.4 0.928 2.88 0.928 4.128-1.056 1.312-2.112 0.896-4.448 0.96-6.752 0.576-4.192-1.6-10.336-3.904-14.24-1.536-2.496-2.88-5.28-6.016-6.688z"
        ],
        "attrs": [
          {},
          {},
          {},
          {},
          {},
          {},
          {},
          {},
          {},
          {},
          {}
        ],
        "width": 676,
        "isMulticolor": false,
        "isMulticolor2": false,
        "grid": 0,
        "tags": [
          "qiwi"
        ],
        "colorPermutations": {
          "2491802912552552551": [
            {},
            {},
            {},
            {},
            {},
            {},
            {},
            {},
            {},
            {},
            {}
          ]
        }
      },
      "attrs": [
        {},
        {},
        {},
        {},
        {},
        {},
        {},
        {},
        {},
        {},
        {}
      ],
      "properties": {
        "order": 629,
        "id": 7,
        "name": "qiwi",
        "prevSize": 32,
        "code": 59661
      },
      "setIdx": 0,
      "setId": 2,
      "iconIdx": 16
    },
    {
      "icon": {
        "paths": [
          "M374.304 275.872c-13.184 0-25.984 1.344-38.368 4-12.448 2.656-27.808 8-46.112 16l9.248 20c13.312-6.496 25.76-11.2 37.248-14.112s23.808-4.384 36.992-4.384c22.656 0 40.928 6.24 54.88 18.752 13.92 12.512 20.864 29.344 20.864 50.496 0 12.992-2.592 24.512-7.744 34.496-5.184 10.016-13.76 20.096-25.76 30.24l-22.752 19.744c-16.832 14.848-28.384 28.736-34.624 41.76s-9.376 29.76-9.376 50.24v9.248h20.512v-3.488c0-16.16 1.28-28.32 3.872-36.512 2.56-8.16 6.752-15.968 12.512-23.36s13.952-15.616 24.64-24.64c9.312-7.84 17.824-15.136 25.504-21.888 7.648-6.752 14.176-13.76 19.616-20.992 5.408-7.264 9.632-15.136 12.64-23.616s4.512-18.4 4.512-29.76c0-28.672-8.736-51.2-26.24-67.616-17.568-16.384-41.568-24.608-72.064-24.608z",
          "M360.544 602.624c-13.344 0-20 8.192-20 24.512 0 16.384 6.656 24.512 20 24.512 13.664 0 20.512-8.128 20.512-24.512 0-16.352-6.848-24.512-20.512-24.512z",
          "M532.352 154.656h-312.64c-102.144 0-185.28 83.104-185.28 185.28v234.688c-0.384 29.312-0.992 286.688 96.064 294.72l0.992 0.032c11.104 0 12.768-10.336 14.368-20.352 6.624-41.44 21.024-88.96 73.856-88.96h312.64c102.144 0 185.28-83.136 185.28-185.28v-234.848c0-102.176-83.136-185.28-185.28-185.28zM693.632 574.752c0 88.928-72.352 161.28-161.28 161.28h-312.64c-77.824 0-92.448 77.664-97.152 106.784-48.768-21.824-65.376-172.032-64.128-268.064v-234.848c0-88.928 72.352-161.28 161.28-161.28h312.64c88.928 0 161.28 72.352 161.28 161.28v234.848z"
        ],
        "attrs": [
          {},
          {},
          {}
        ],
        "width": 736,
        "isMulticolor": false,
        "isMulticolor2": false,
        "grid": 0,
        "tags": [
          "question"
        ],
        "colorPermutations": {
          "2491802912552552551": [
            {},
            {},
            {}
          ]
        }
      },
      "attrs": [
        {},
        {},
        {}
      ],
      "properties": {
        "order": 630,
        "id": 6,
        "name": "question",
        "prevSize": 32,
        "code": 59662
      },
      "setIdx": 0,
      "setId": 2,
      "iconIdx": 17
    },
    {
      "icon": {
        "paths": [
          "M482.496 460.224c32.96 0 59.776-26.816 59.776-59.776s-26.816-59.744-59.776-59.744-59.776 26.816-59.776 59.744c0 32.96 26.816 59.776 59.776 59.776zM482.496 370.976c16.544 0 29.504 12.928 29.504 29.472s-12.96 29.504-29.504 29.504-29.504-12.96-29.504-29.504 12.96-29.472 29.504-29.472z",
          "M817.248 139.84c-19.040 0-36.864 7.328-50.24 20.672-13.344 13.376-20.704 31.2-20.704 50.24s7.36 36.864 20.704 50.208c13.344 13.344 31.2 20.704 50.24 20.704s36.896-7.36 50.24-20.704c27.68-27.68 27.68-72.736 0-100.48-13.376-13.28-31.2-20.64-50.24-20.64zM846.176 239.68c-7.744 7.744-18.016 11.968-28.928 11.968s-21.184-4.256-28.928-11.968c-7.744-7.712-11.968-17.984-11.968-28.928s4.256-21.184 11.968-28.928c7.584-7.584 17.856-11.744 28.928-11.744s21.344 4.16 28.928 11.744c7.744 7.744 11.968 18.016 11.968 28.928s-4.256 21.216-11.968 28.928z",
          "M979.744 48.608c-16.832-16.8-40.512-20.32-57.984-20.32l-367.488 7.68c-3.904 0.032-7.584 1.536-10.432 4.288l-500.736 500.704c-7.008 6.976-10.848 16.352-10.848 26.336s3.872 19.36 10.848 26.336l391.232 391.232c6.976 6.976 16.352 10.848 26.336 10.848s19.36-3.84 26.336-10.848l500.32-500.64c2.88-2.72 4.576-6.432 4.736-10.496l7.68-367.968c0-24.288-6.912-44.096-20-57.152zM961.248 467.104l-496.16 496.128c-2.816 2.816-6.752 2.816-9.568 0l-391.2-390.88c-1.408-1.408-2.112-3.168-2.112-5.024s0.768-3.648 2.176-5.024l496.48-496.128 357.088-7.616c15.712 0.096 31.296 4.608 38.048 11.328 6.656 6.656 12.192 20.608 12.256 35.808l-7.008 361.408z",
          "M672.192 519.712h-379.040c-0.96 0-1.888-0.288-2.816-0.224-8.32 0.8-14.464 8.096-13.696 16.448 0.768 7.84 7.264 14.688 15.104 14.688 0.48 0 0.96 0.896 1.056 0.896h379.52c8.224 0 15.008-7.68 15.136-15.904 0.064-4.064-1.472-8.128-4.256-11.040-2.816-2.912-6.624-4.864-11.008-4.864z",
          "M482.496 608.512c-32.96 0-59.776 26.816-59.776 59.744 0 32.96 26.816 59.776 59.776 59.776s59.776-26.816 59.776-59.776c-0.032-32.96-26.848-59.744-59.776-59.744zM482.496 697.76c-16.544 0-29.504-12.96-29.504-29.504s12.96-29.504 29.504-29.504 29.504 12.96 29.504 29.504c0 16.544-12.96 29.504-29.504 29.504z"
        ],
        "attrs": [
          {},
          {},
          {},
          {},
          {}
        ],
        "width": 1032,
        "isMulticolor": false,
        "isMulticolor2": false,
        "grid": 0,
        "tags": [
          "sale"
        ],
        "colorPermutations": {
          "2491802912552552551": [
            {},
            {},
            {},
            {},
            {}
          ]
        }
      },
      "attrs": [
        {},
        {},
        {},
        {},
        {}
      ],
      "properties": {
        "order": 631,
        "id": 5,
        "name": "sale",
        "prevSize": 32,
        "code": 59663
      },
      "setIdx": 0,
      "setId": 2,
      "iconIdx": 18
    },
    {
      "icon": {
        "paths": [
          "M694.752 825.056l-265.824-265.856c35.84-40.672 57.76-93.856 57.76-152.192 0-127.232-103.488-230.72-230.72-230.72-127.264 0-230.752 103.488-230.752 230.72s103.488 230.72 230.752 230.72c57.376 0 109.824-21.184 150.24-56l265.92 265.92 22.624-22.592zM256 605.76c-109.6 0-198.752-89.152-198.752-198.72s89.152-198.72 198.752-198.72c109.568 0 198.72 89.152 198.72 198.72s-89.184 198.72-198.72 198.72z"
        ],
        "attrs": [
          {}
        ],
        "width": 732,
        "isMulticolor": false,
        "isMulticolor2": false,
        "grid": 0,
        "tags": [
          "search"
        ],
        "colorPermutations": {
          "2491802912552552551": [
            {}
          ]
        }
      },
      "attrs": [
        {}
      ],
      "properties": {
        "order": 632,
        "id": 4,
        "name": "search",
        "prevSize": 32,
        "code": 59664
      },
      "setIdx": 0,
      "setId": 2,
      "iconIdx": 19
    },
    {
      "icon": {
        "paths": [
          "M716.448 294.848c-35.2 0.128-70.4 0.128-105.6 0.032-2.688 0-3.68 0.672-3.968 3.552-0.32 3.2-2.048 6.272-2.432 9.504-1.088 9.28-1.824 18.624-2.752 27.936-0.128 1.216-0.48 2.432-0.928 3.584-4.256 10.944-5.088 22.656-6.72 34.112-1.056 7.488-4.672 14.752-2.88 22.624-5.088 5.632-0.192 13.248-3.008 18.496-3.36 6.272-2.208 12.96-4.576 19.264-2.464 6.528-0.416 14.944-3.456 20.992-3.616 7.2 0.064 15.072-4.544 21.984-2.048 3.104 0.704 9.28-1.248 12.544-2.912 4.832-0.672 9.376-1.696 13.888-0.896 4.032-1.888 8.032-2.592 12.096-1.248 7.040-3.744 13.952-2.816 21.28-3.808 2.4-1.92 6.272-2.56 9.504-0.608 3.2-2.016 6.272-2.528 9.504-1.728 10.72-3.2 21.504-4.736 32.192-1.088 7.456-1.952 15.36-3.808 22.432-1.984 7.648 0 16.096-4.704 23.040 0.384 14.496-6.016 28.16-5.312 42.688 0.064 1.216-0.224 2.528-0.576 3.712-2.336 8-4.768 15.968-4.672 24.448 0.096 7.872 0.064 7.968 7.328 7.968 15.84 0.032 31.68 0 47.52 0 16.704 0 33.44 0.064 50.144-0.032 6.432-0.032 8.384-1.76 8.48-8.192 0.096-6.848 2.592-13.216 3.328-19.968 0.64-5.728 0.48-12.096 2.496-17.28 1.632-4.224 1.696-8.128 2.272-12.288 0.576-4.064 2.528-8.096 2.368-12.096-0.224-4.928 1.824-8.992 2.752-13.472 0.928-4.448-1.6-9.6 2.72-13.408-0.16-10.176 4-19.616 5.056-29.504 1.344-12.576 2.496-25.152 5.664-37.344 1.728-6.656 1.12-13.792 3.136-19.84 1.44-4.288 1.28-8.256 2.016-12.32 0.832-4.48 1.728-8.96 2.624-13.44 0.832-4.032 2.528-8.096 2.496-12.096-0.192-13.664 5.184-26.496 5.44-40.064 5.344-6.304 1.6-14.528 4.8-21.76 3.072-7.008 2.080-15.808 3.2-23.776 0.448-3.2 1.984-6.272 2.496-9.472 0.544-3.392-0.832-7.808 0.896-10.112 2.56-3.424 1.184-6.656 1.888-9.92 0.672-3.168 2.080-6.24 2.528-9.472 1.088-7.968 0.448-16.48 3.136-23.84 2.176-5.984 0.256-12.352 2.816-17.248 2.272-4.384 1.344-8.32 2.048-12.384 0.8-4.48 1.824-8.928 2.592-13.44 0.512-3.008-0.32-4.608-4.128-4.608z",
          "M1045.472 566.368c0.288-15.168-5.28-28.288-13.504-40.608-6.752-10.080-14.464-19.008-23.872-27.040-11.584-9.856-23.808-18.528-37.024-25.696-18.272-9.92-37.216-18.56-55.424-28.736-9.248-5.152-16.768-11.616-23.68-19.072-6.656-7.2-6.272-21.504 0.448-28.64 4.608-4.928 9.792-8.896 16.032-12.128 15.392-8.032 32.16-8.064 48.576-10.080 3.008-0.384 6.336 2.432 9.44 2.304 14.592-0.672 28.736 2.048 42.624 5.664 9.44 2.432 19.104 4.448 28.064 8.608 3.232 1.504 6.624 2.72 9.952 4.032 1.216-3.904 2.56-7.744 3.552-11.712 0.416-1.632-0.16-3.552 0.128-5.248 1.824-12.416 3.68-24.864 5.696-37.248 0.384-2.368 1.728-4.608 2.144-7.008 1.248-7.424 2.048-14.944 3.616-22.304 0.32-1.472 1.888-2.304-0.032-3.808-2.624-2.080-4.576-4.384-8.544-5.152-4-0.8-9.12-0.832-11.904-2.688-4.928-3.264-10.56-1.472-15.456-4.544-3.936-2.432-9.632-2.112-14.56-2.944-5.344-0.896-10.688-2.144-16.096-2.56-5.664-0.448-11.424-0.032-17.152-0.128-2.112-0.032-4.704 0.32-6.24-0.736-5.696-3.936-11.872-0.8-17.728-1.888-2.368 3.648-6.112 2.432-9.472 2.656-10.208 0.64-20.32-0.288-30.688 2.208-12.416 2.976-25.088 5.248-37.536 8.288-8 1.952-15.744 5.248-22.752 8.704-7.168 3.552-14.56 7.712-21.568 12-8.512 5.216-15.072 12.352-22.912 17.984-12.608 9.056-21.056 21.344-27.936 34.368-5.856 11.072-11.68 22.912-10.912 36.352-7.872 13.376 1.696 26.656 0.128 40 6.112 10.624 8.704 23.264 16.928 32.512 16.16 18.24 34.4 34.208 56.416 45.28 21.568 10.816 43.968 19.968 63.68 34.272 12 8.704 21.056 18.784 18.624 34.944-1.28 8.576-6.688 15.072-12.896 20.384-3.904 3.36-9.28 4.992-14.016 7.36-4.512 2.24-10.048 2.176-14.048 4.192-5.728 2.848-11.072 0.928-16.448 1.824-5.344 0.896-10.688 2.336-16.064 2.464-4.032 0.096-8.032-2.016-12.128-2.368-7.328-0.608-15.008 0.512-22.016-1.184-7.296-1.792-14.848-1.44-22.016-4.064-7.648-2.784-16-3.872-23.488-6.976-10.848-4.544-22.272-7.84-32.576-13.76-2.048-1.184-4.288-1.024-4.352 2.272-0.224 8.064-4.48 15.712-2.656 23.968-5.728 5.728-1.248 13.664-4.768 20.512-3.264 6.336-1.504 15.072-3.392 22.336-1.472 5.696-1.952 11.456-3.328 17.088-1.216 5.024-0.736 7.776 3.392 8.192 7.136 0.704 12.416 7.52 20.16 5.664 3.648 4.832 9.152 0.928 13.344 2.848 15.040 6.784 31.616 6.144 47.328 9.92 6.656 1.6 14.016-0.064 21.056 0.352 7.136 0.448 14.24 2.528 21.344 2.336 8.864-0.256 17.664-2.080 26.816-3.264 15.168 4.768 28.736-6.208 43.84-4.448 14.816-5.792 30.656-8.544 44.928-15.872 23.52-12 44.544-26.912 60.096-48.928 13.6-19.296 20.384-40.544 20.896-63.968-0-5.664-0.192-11.36-0.064-17.088z",
          "M1441.28 684.864c-1.696-5.984-1.952-12.16-3.936-18.144-3.744-11.264-7.808-22.944-8.512-34.624-0.928-15.68-9.024-29.728-8.544-45.472-5.248-8.768-5.728-19.072-7.2-28.576-1.728-10.72-7.36-20.8-5.824-32.032-4.672-8.416-5.152-18.112-7.712-27.136-2.592-9.152-2.976-18.944-5.728-28.064-1.696-5.664-1.888-11.456-3.328-17.056-2.4-9.568-5.184-19.104-6.848-28.832-2.144-12.672-5.696-24.992-8.128-37.6-0.448-2.368-2.368-4.544-2.464-6.848-0.48-11.392-5.92-21.952-5.376-33.44-5.504-3.136-1.12-9.472-4.768-14.016-2.976-3.68-1.44-10.656-3.392-15.616-1.952-4.928-2.080-9.792-2.528-14.848-0.448-4.896-4.16-7.616-9.12-7.616-16.288 0-32.576-0.256-48.864 0.064-16.384 0.32-32.736-1.152-49.152 2.272-11.136 2.304-30.048 11.904-36.32 23.584-4.672 8.672-11.712 16.512-14.4 25.664-3.136 10.784-7.872 20.544-12.576 30.496-4.672 9.952-8.16 20.384-13.856 29.952-4.768 8-6.4 17.44-10.72 25.952-6.4 12.64-10.752 26.336-17.44 38.944-1.344 2.528-3.2 4.928-3.968 7.616-4.864 16.928-13.44 32.288-20.384 48.32-5.184 11.968-12.384 23.2-16.16 35.52-2.24 7.2-6.272 13.28-8.576 20.288-2.304 6.912-5.728 13.44-8.832 20.096-1.216 2.592-3.36 4.832-4.128 7.52-4.832 16.48-13.92 31.136-19.488 47.424-4.864 14.144-12.576 27.36-19.392 40.768-1.504 3.008 1.024 7.424-3.456 9.12 0.768 1.28 1.376 2.656 2.368 3.68 0.416 0.416 1.696 0.064 2.56 0.064 36.096 0 72.192 0 108.256 0.032 3.104 0 4.544-0.384 6.272-4.128 7.552-16.704 12.544-34.4 20.352-50.976 3.648-7.744 2.848-8.256 9.984-8.256 32.992-0.032 66.016-0.032 99.008 0.032 2.464 0 4.96 0.672 7.36 1.28 8 1.984 16.32 2.912 23.808-0.448 4.48-1.984 6.048 0.608 7.232 2.72 1.792 3.104 3.424 7.072 3.040 10.464-0.576 5.472 2.816 9.728 2.88 14.784 0.064 5.504 3.296 10.24 3.040 16.096-0.16 4.448 4.032 8.96 4.64 13.664 0.544 4.096 1.696 4.928 5.472 4.864 15.84-0.192 31.68-0.064 47.52-0.064 16.288 0 32.576-0.032 48.864 0.032 2.464 0 5.024-0.384 3.968-3.264-2.88-8-3.296-16.384-5.504-24.256zM1304.928 569.056c-7.904-0.192-15.84 4.608-23.744 4.608-6.624 0-13.216 0-19.808 0-14.496 0-29.024-4.64-43.52-4.704-2.368 0-3.616-4.256-1.76-7.968 5.696-11.2 9.92-23.232 13.856-35.104 3.712-11.264 8.8-21.888 12.736-33.024 8.672-24.512 19.456-48.256 27.264-73.12 0.352-1.152 0.736-2.4 1.44-3.36s1.984-2.368 2.688-2.208c1.088 0.224 2.304 1.504 2.784 2.656 1.824 4.128 2.72 8.928 3.168 13.024 1.184 10.432 4.384 20.416 5.92 30.72 1.472 9.664 6.016 19.104 7.072 28.512 1.248 10.944 4.8 21.216 6.496 31.936 1.504 9.504 2.432 19.584 6.976 28.672 1.408 2.816-0.8 9.6 0.704 12.288 2.176 3.872 2.464 7.232-2.272 7.072z",
          "M558.56 302.368c2.592-6.016 1.44-7.392-5.248-7.392-33.44-0.032-66.88-0.032-100.352 0-12.608 0-12.704-0.032-17.184 11.488-2.208 5.696-3.616 11.712-5.792 17.408-5.76 15.2-10.976 30.688-17.76 45.44-9.056 19.616-16.352 39.936-23.904 60.064-8.32 22.080-18.368 43.488-25.536 66.016-3.2 10.048-8.64 19.36-11.776 29.408-3.168 10.144-7.808 19.68-11.264 29.728-2.304 6.72-4.608 13.952-8.576 20.192-0.672 1.088-1.824 1.888-2.752 2.816-0.448-1.088-1.056-2.176-1.344-3.296-2.4-9.568-4.672-19.2-7.072-28.768-3.104-12.448-10.080-23.136-15.936-34.304-5.056-9.632-12.192-17.952-18.24-26.88-10.368-15.232-21.632-29.536-34.912-42.176-15.776-14.976-30.112-31.36-47.136-45.184-11.488-9.344-23.616-17.664-35.296-26.688-0.896-0.704-3.040-1.472-3.296-1.152-0.928 1.184-1.568 2.752-1.792 4.224-0.256 1.696-0.384 3.68 0.256 5.152 4.64 10.976 6.048 22.912 10.048 34.112 3.712 10.4 6.72 21.088 9.056 32.064 3.168 15.104 8.672 29.856 12.832 44.864 5.888 21.28 12.416 42.592 18.976 63.616 6.816 21.792 12.32 44.352 19.872 65.952 6.336 18.144 10.016 37.76 15.84 56.128 3.2 10.112 7.296 21.376 8.32 32.256 0.544 5.792 3.424 15.52 9.248 15.552 17.6 0.032 35.2 10.72 52.8 10.72 2.656 0 5.28 0 7.936 0 16.288 0 32.576-10.88 48.832-10.56 3.648 0.064 7.040-9.472 7.392-11.968 1.376-9.344 8.192-17.536 10.752-26.016 5.632-18.432 15.296-35.744 22.208-53.568 1.152-3.040 3.2-6.080 4.32-9.12 5.28-14.112 10.432-28.384 17.056-41.952 4.096-8.416 9.184-16.672 11.776-25.536 3.584-12.288 9.376-23.488 14.336-35.072 5.12-11.968 9.92-24.064 15.008-36.064 1.44-3.36 3.808-6.368 5.184-9.728 5.536-13.568 9.376-28.032 16.608-40.608 9.216-16.064 12.096-34.848 22.976-49.952 3.392-17.024 12.736-31.744 19.168-47.52 4.576-11.232 9.504-22.496 14.368-33.696z",
          "M211.168 376.32c1.024 0.64 1.888 1.536 2.848 2.24 80.256 101.952 93.728 120.064 95.776 123.744 0.096 0.352 0.192 0.736 0.288 1.088 0.448-1.056 0.928-2.112 1.568-3.52-0.608-1.376-1.216-2.784-1.824-4.192-0.096 0.224-0.288 0.48-0.416 0.736-0.448-0.672-0.896-1.344-1.344-2.016 0.288-0.448 0.48-0.896 0.448-1.312-0.384-4.096 0.704-8.064-2.208-12.32-2.272-3.328 1.12-9.28-3.008-13.12 1.024-9.92-3.552-18.688-5.44-28.032-1.856-9.376-2.848-18.688-4.896-28.064-2.912-13.344-5.792-26.432-8.64-39.744-3.104-14.4-5.408-28.384-9.76-42.656-2.368-7.776-4.8-3.584-10.592-9.408-9.696-9.664-21.248-2.080-34.848-2.080-0.896 0-1.792 0-2.688 0-26.816 0-53.632 0-80.416 0-14.528 0-29.024 0-43.52 0 1.824 0.768 3.712 1.344 5.472 2.24 10.144 5.12 21.12 8.48 31.392 13.312 11.808 5.6 23.2 12.064 34.656 18.304 13.184 7.2 24.48 16.928 37.152 24.8z",
          "M47.264 302.304c-0.544 1.632 0.096 0.928 1.056-0.032-0.448-0.416-0.832-0.544-1.056 0.032z",
          "M51.328 300.544c-0.864-0.32-2.080 0.8-3.008 1.728 1.056 0.896 2.656 3.424 4.128 2.912 2.336-0.832 5.216 12.48 7.84 12.48 14.080 0 28.128 0 42.208 0-8.32-3.584-16.96-6.368-25.472-8.928-8.576-2.624-17.248-4.992-25.696-8.192z"
        ],
        "attrs": [
          {},
          {},
          {},
          {},
          {},
          {},
          {}
        ],
        "width": 1496,
        "isMulticolor": false,
        "isMulticolor2": false,
        "grid": 0,
        "tags": [
          "visa"
        ],
        "colorPermutations": {
          "2491802912552552551": [
            {},
            {},
            {},
            {},
            {},
            {},
            {}
          ]
        }
      },
      "attrs": [
        {},
        {},
        {},
        {},
        {},
        {},
        {}
      ],
      "properties": {
        "order": 633,
        "id": 3,
        "name": "visa",
        "prevSize": 32,
        "code": 59665
      },
      "setIdx": 0,
      "setId": 2,
      "iconIdx": 20
    },
    {
      "icon": {
        "paths": [
          "M1069.792 764.672c-1.6-4.192-3.232-8.384-4.8-12.576-2.080-3.776-4.16-7.552-6.24-11.328h0.128c-3.488-5.248-6.976-10.528-10.464-15.776-6.368-8.416-12.736-16.832-19.136-25.28-29.088-29.344-58.176-58.688-87.296-88.032-7.904-8-15.744-16.064-23.616-24.096-1.344-1.504-2.72-2.976-4.064-4.48-0.576-0.064-0.832-0.384-0.8-0.96-2.048-2.72-4.128-5.472-6.176-8.192l0.16 0.096c-2.56-5.344-5.12-10.688-7.68-16-0.256-3.424-0.512-6.848-0.736-10.272 2.464-14.944 9.6-27.616 19.264-39.008 20.832-27.488 41.664-55.008 62.464-82.496 1.024-0.992 2.048-1.952 3.136-2.944l-0.48 0.704c0.8-1.216 1.632-2.432 2.432-3.648l-0.768 0.192c4.448-5.888 8.864-11.744 13.312-17.632l-0.192 0.448c3.648-5.184 7.296-10.336 11.008-15.488 16.768-27.488 33.568-55.008 50.336-82.528 2.368-6.656 5.024-13.28 7.040-20.064 8.384-28.16 2.080-38.368-26.752-43.808-53.952 0.192-107.84 0.384-161.792 0.576-5.408 0.128-10.88 0.896-16.192 0.288-17.024-1.952-30.080 3.712-39.008 18.528-9.472 22.176-18.912 44.352-28.384 66.528 0.064 0.768-0.256 1.344-0.928 1.696l-0.704-0.256 0.672 0.352c-2.016 4-4.064 8-6.048 12l0.192-0.224c-2.848 5.792-5.696 11.584-8.512 17.408-2.048 3.648-4.128 7.328-6.176 11.008l0.16-0.224c-4.672 8.192-9.344 16.384-14.016 24.576-3.872 6.208-7.744 12.416-11.648 18.592l0.192-0.16c0 0.832-0.384 1.472-1.056 1.92-0.416 0.704-0.832 1.44-1.248 2.176-4.608 6.912-9.184 13.856-13.792 20.736-5.152 7.616-9.632 15.872-15.68 22.656-12.224 13.696-24.384 27.808-38.368 39.52-12.736 10.72-24.736 7.936-32.064-7.040-5.376-10.976-9.344-23.776-9.728-35.904-0.928-33.088 0.32-66.24 0.704-99.392 0.448-30.56 0.896-61.088 1.344-91.648-0.672-2.432-1.504-4.832-1.92-7.264-3.328-19.584-14.592-31.712-34.016-35.872-10.24-2.176-20.608-4.832-31.008-5.28-32.32-1.344-64.64-1.76-96.992-2.528-23.552 3.456-47.168 6.912-70.752 10.368-3.328 2.048-6.656 4.064-9.984 6.080-3.936 2.944-8.48 5.344-11.584 8.96-3.584 4.16-5.92 9.44-8.832 14.24 5.088 1.824 10.176 3.68 15.296 5.504 29.408 8.64 43.2 29.28 45.216 58.912 1.44 32.512 3.36 65.024 3.968 97.536 0.256 13.664-2.368 27.36-3.712 41.056-3.232 11.808-6.4 23.584-9.632 35.392-9.216 17.152-21.28 18.688-39.328 5.056-24.928-19.872-41.344-46.368-57.376-73.216-5.088-8.416-10.208-16.832-15.296-25.248l0.096 0.128c-1.6-2.656-3.232-5.312-4.832-7.936-3.68-6.464-7.36-12.96-11.104-19.424l0.192 0.128c-11.136-22.048-22.208-44.096-33.344-66.112-5.12-11.328-10.656-22.656-15.232-34.336-8.032-20.48-23.296-30.4-44.64-30.4-47.392 0-94.816 0.672-142.208 1.152-4.16 0.032-8.416 0.32-12.512 1.152-20.608 4.128-26.432 14.528-19.52 34.656 1.888 5.536 4.128 10.944 6.176 16.416l0.384 0.704c8 17.12 16 34.208 24 51.328 5.536 11.296 11.104 22.592 16.608 33.888h-0.128c1.056 1.952 2.144 3.936 3.264 5.92 10.4 20.064 20.768 40.128 31.168 60.192 1.888 3.424 3.712 6.848 5.6 10.304l-0.224-0.224c5.248 9.216 10.496 18.432 15.744 27.648l-0.64-0.16c0.8 1.088 1.632 2.144 2.4 3.232l-0.032-0.128c11.072 18.496 22.112 36.992 33.216 55.456l-0.192-0.192c4.48 6.88 8.96 13.792 13.472 20.672 3.84 5.92 7.712 11.808 11.584 17.696 1.664 2.528 3.328 5.056 5.024 7.584 11.040 14.752 21.92 29.632 33.056 44.288 36.032 47.424 76.608 90.016 127.808 121.536 35.68 21.984 74.112 37.088 114.688 47.2 5.44 1.312 10.88 2.624 16.352 3.936l0.192-0.576c4.384 0.416 8.736 0.864 13.12 1.28 26.72 0.352 53.44 0.832 80.192 1.024 8.736 0.064 17.504-0.64 26.24-0.992 4.128-1.536 8.288-3.072 12.416-4.608 0.928-0.448 1.888-0.896 2.784-1.312 1.472-1.248 2.944-2.496 4.416-3.712-0.064-0.576 0.224-0.896 0.768-0.96 2.304-4.512 4.608-8.992 6.944-13.504 0.256-1.376 0.48-2.752 0.704-4.096 0.416-24.032 1.184-48.096 9.568-70.944 2.88-7.808 6.464-15.68 11.424-22.272 12.256-16.384 27.744-17.92 44.832-5.6 8.384 7.296 16.8 14.592 25.216 21.856 2.688 2.848 5.344 5.696 8.032 8.576 0.64 0.608 1.216 1.216 1.824 1.856 11.584 13.024 23.232 26.016 34.816 39.072 2.976 2.912 6.080 5.728 8.896 8.8 19.008 20.768 40.672 37.6 67.552 47.040 20.224 5.888 40.8 2.784 61.28 2.624 35.648-0.256 71.328-0.48 106.976-1.312 8.672-0.192 17.44-2.048 25.92-4.224 13.312-3.424 23.264-11.264 27.84-24.8-0.032-4.64-0.128-9.216-0.224-13.76z"
        ],
        "attrs": [
          {}
        ],
        "width": 1112,
        "isMulticolor": false,
        "isMulticolor2": false,
        "grid": 0,
        "tags": [
          "vk"
        ],
        "colorPermutations": {
          "2491802912552552551": [
            {}
          ]
        }
      },
      "attrs": [
        {}
      ],
      "properties": {
        "order": 634,
        "id": 2,
        "name": "vk",
        "prevSize": 32,
        "code": 59666
      },
      "setIdx": 0,
      "setId": 2,
      "iconIdx": 21
    },
    {
      "icon": {
        "paths": [
          "M726.528 444.768c0-1.568 0.128-3.136 0-4.704-0.896-12.96-5.216-24.64-14.688-33.632-12.064-11.488-26.688-17.088-43.52-16.8-10.048 0.192-20.096 0-30.144 0.032-12.288 0.032-11.168-1.12-11.168 11.104 0 75.68 0.064 151.392-0.096 227.072 0 10.624-0.512 21.28-1.536 31.84-2.848 29.344-17.888 50.080-44.896 62.112-12.064 5.344-24.608 8.864-37.408 12.128-29.664 7.616-58.976 16.576-88.448 24.96-44.512 12.672-89.024 25.28-133.504 37.952-24.064 6.848-48.032 13.952-72.096 20.768-26.176 7.392-52.384 14.624-78.624 21.76-2.976 0.8-6.208 1.024-9.28 0.928-8.672-0.288-16.192-3.392-20.064-11.552-4.384-9.312-1.952-22.912 5.088-28.736 4.512-3.744 9.568-7.296 14.944-9.568 21.344-8.992 42.88-17.504 64.384-26.176 20.32-8.192 40.672-16.32 61.024-24.48 13.344-5.344 26.688-10.816 40.096-16.064 13.984-5.472 28.128-10.496 42.080-16.064 25.856-10.336 51.584-21.088 77.44-31.424 16.832-6.752 33.952-12.8 50.72-19.68 8.64-3.52 17.344-7.424 25.056-12.576 12.672-8.48 21.824-20.608 29.344-33.76 6.72-11.808 11.392-24.416 11.392-38.272 0.032-136.928 0-273.856 0.096-410.816 0-7.712-2.016-14.848-4.48-21.952-3.328-9.568-11.040-15.008-20.224-16.48-16.384-2.624-32.672-0.64-47.52 7.264-17.152 9.12-33.856 19.040-50.816 28.544-26.208 14.72-52.512 29.376-78.72 44.096-17.472 9.824-34.912 19.744-52.384 29.632-19.072 10.784-38.080 21.728-57.216 32.416-25.76 14.368-51.584 28.416-77.28 42.784-26.528 14.848-52.8 30.144-79.392 44.864-14.592 8.096-26.112 19.008-35.584 32.736-12.416 17.952-17.696 37.568-17.664 59.2 0.128 129.088 0.096 258.176 0.032 387.264 0 15.104 4.928 28.32 14.784 39.52 5.344 6.048 11.2 11.744 17.184 17.216 10.88 9.952 23.616 14.24 38.592 14.176 92.672-0.32 185.312-0.16 277.984-0.16 44.288 0 88.576 0 132.832 0 49.312 0 98.624-0.128 147.904 0.096 13.792 0.064 25.856-4.032 36.64-12.352 14.016-10.848 19.232-25.632 19.232-42.88-0.096-134.112-0.096-268.224-0.096-402.336zM375.392 374.656c7.232-9.024 15.84-16.864 26.304-22.368 7.296-3.84 14.72-6.592 23.168-6.496 16.128 0.224 27.264 10.016 28.864 26.048 1.12 11.136-0.608 21.792-5.152 32.064-9.216 20.896-24.256 36.128-44.576 46.336-8.16 4.096-16.96 4.736-25.664 3.136-10.72-1.984-19.968-13.536-20.928-25.056-0.224-2.784-0.032-5.632-0.032-8.448 0.192-17.344 7.552-32.064 18.016-45.216z"
        ],
        "attrs": [
          {}
        ],
        "width": 764,
        "isMulticolor": false,
        "isMulticolor2": false,
        "grid": 0,
        "tags": [
          "yandex"
        ],
        "colorPermutations": {
          "2491802912552552551": [
            {}
          ]
        }
      },
      "attrs": [
        {}
      ],
      "properties": {
        "order": 635,
        "id": 1,
        "name": "yandex",
        "prevSize": 32,
        "code": 59667
      },
      "setIdx": 0,
      "setId": 2,
      "iconIdx": 22
    },
    {
      "icon": {
        "paths": [
          "M724.288 789.536c69.088-72.256 111.84-169.888 111.84-277.536 0-221.728-180.416-402.112-402.144-402.112s-402.112 180.384-402.112 402.112 180.384 402.112 402.112 402.112c98.912 0 189.44-36.032 259.552-95.488l1.088 1.088 22.784-22.784c0.512-0.512 1.024-1.024 1.504-1.504l5.632-5.632-0.256-0.256zM433.984 871.776c-198.368 0-359.776-161.408-359.776-359.776s161.408-359.776 359.776-359.776c198.4 0 359.808 161.408 359.808 359.776 0 95.936-37.984 183.040-99.424 247.616l-158.048-158.048c24.256-30.432 38.848-68.896 38.848-110.752 0-98.272-79.936-178.176-178.176-178.176s-178.176 79.936-178.176 178.176 79.936 178.176 178.176 178.176c41.152 0 79.008-14.176 109.216-37.696l157.408 157.408c-62.336 51.84-142.4 83.072-229.632 83.072zM396.992 626.656c-74.912 0-135.872-60.96-135.872-135.872s60.96-135.872 135.872-135.872 135.872 60.96 135.872 135.872-60.96 135.872-135.872 135.872z"
        ],
        "attrs": [
          {}
        ],
        "width": 868,
        "isMulticolor": false,
        "isMulticolor2": false,
        "grid": 0,
        "tags": [
          "zoom"
        ],
        "colorPermutations": {
          "2491802912552552551": [
            {}
          ]
        }
      },
      "attrs": [
        {}
      ],
      "properties": {
        "order": 636,
        "id": 0,
        "name": "zoom",
        "prevSize": 32,
        "code": 59668
      },
      "setIdx": 0,
      "setId": 2,
      "iconIdx": 23
    }
  ],
  "height": 1024,
  "metadata": {
    "name": "icomoon"
  },
  "preferences": {
    "showGlyphs": true,
    "showQuickUse": true,
    "showQuickUse2": true,
    "showSVGs": true,
    "fontPref": {
      "prefix": "icon-",
      "metadata": {
        "fontFamily": "icomoon",
        "majorVersion": 1,
        "minorVersion": 0
      },
      "metrics": {
        "emSize": 1024,
        "baseline": 6.25,
        "whitespace": 50
      },
      "embed": false,
      "showSelector": true,
      "showMetrics": false
    },
    "imagePref": {
      "prefix": "icon-",
      "png": true,
      "useClassSelector": true,
      "color": 0,
      "bgColor": 16777215,
      "classSelector": ".icon"
    },
    "historySize": 100,
    "showCodes": true,
    "gridSize": 16
  }
}