{
  "IcoMoonType": "selection",
  "icons": [
    {
      "icon": {
        "paths": [
          "M888.695 265.865h-152.713c-49.971 0-84.753-23.211-84.753-44.032 0-43.827-52.19-78.165-118.852-78.165h-40.721c-66.662 0-118.852 34.338-118.852 78.165 0 20.821-34.816 44.032-84.753 44.032h-152.747c-65.57 0-118.886 53.35-118.886 118.886v376.73c0 65.536 53.35 118.852 118.886 118.852h753.391c65.57 0 118.886-53.35 118.886-118.852v-376.764c0.034-65.536-53.316-118.852-118.886-118.852zM973.483 761.446c0 46.729-38.025 84.719-84.753 84.719h-753.425c-46.729 0-84.753-37.99-84.753-84.719v-376.73c0-46.729 38.025-84.753 84.753-84.753h152.713c66.662 0 118.886-34.338 118.886-78.165 0-20.821 34.816-44.032 84.719-44.032h40.721c49.937 0 84.719 23.211 84.719 44.032 0 43.827 52.224 78.165 118.886 78.165h152.713c46.729 0 84.753 38.025 84.753 84.753v376.73z",
          "M562.893 367.65c-113.254 0-205.414 92.16-205.414 205.414s92.126 205.449 205.414 205.449 205.449-92.16 205.449-205.449-92.16-205.414-205.449-205.414zM562.893 744.38c-94.447 0-171.281-76.834-171.281-171.315 0-94.447 76.834-171.281 171.281-171.281 94.481 0 171.315 76.834 171.315 171.281 0 94.481-76.834 171.315-171.315 171.315z",
          "M201.353 376.252h34.133v400.452h-34.133v-400.452z",
          "M562.893 308.292c-145.988 0-264.806 118.784-264.806 264.806s118.784 264.841 264.806 264.841c146.022 0 264.841-118.784 264.841-264.841 0-146.022-118.784-264.806-264.841-264.806zM562.893 803.772c-127.215 0-230.673-103.492-230.673-230.707 0-127.181 103.458-230.673 230.673-230.673s230.707 103.492 230.707 230.673c0 127.215-103.492 230.707-230.707 230.707z"
        ],
        "attrs": [
          {},
          {},
          {},
          {}
        ],
        "isMulticolor": false,
        "isMulticolor2": false,
        "grid": 0,
        "tags": [
          "camera"
        ]
      },
      "attrs": [
        {},
        {},
        {},
        {}
      ],
      "properties": {
        "order": 675,
        "id": 7,
        "name": "camera",
        "prevSize": 32,
        "code": 59648
      },
      "setIdx": 0,
      "setId": 2,
      "iconIdx": 0
    },
    {
      "icon": {
        "paths": [
          "M638.669 427.998l-45.602-43.725-81.067 82.671-81.067-82.671-45.602 43.725 82.398 84.002-82.398 84.002 45.602 43.725 81.067-82.671 81.067 82.671 45.602-43.725-82.398-84.002z"
        ],
        "attrs": [
          {}
        ],
        "isMulticolor": false,
        "isMulticolor2": false,
        "grid": 0,
        "tags": [
          "close"
        ]
      },
      "attrs": [
        {}
      ],
      "properties": {
        "order": 676,
        "id": 6,
        "name": "close",
        "prevSize": 32,
        "code": 59649
      },
      "setIdx": 0,
      "setId": 2,
      "iconIdx": 1
    },
    {
      "icon": {
        "paths": [
          "M546.133 648.465c0 18.851-15.282 34.133-34.133 34.133s-34.133-15.282-34.133-34.133c0-18.851 15.282-34.133 34.133-34.133s34.133 15.282 34.133 34.133z",
          "M546.133 512c0 18.851-15.282 34.133-34.133 34.133s-34.133-15.282-34.133-34.133c0-18.851 15.282-34.133 34.133-34.133s34.133 15.282 34.133 34.133z",
          "M546.133 375.535c0 18.851-15.282 34.133-34.133 34.133s-34.133-15.282-34.133-34.133c0-18.851 15.282-34.133 34.133-34.133s34.133 15.282 34.133 34.133z"
        ],
        "attrs": [
          {},
          {},
          {}
        ],
        "isMulticolor": false,
        "isMulticolor2": false,
        "grid": 0,
        "tags": [
          "dots-08"
        ]
      },
      "attrs": [
        {},
        {},
        {}
      ],
      "properties": {
        "order": 677,
        "id": 5,
        "name": "dots-08",
        "prevSize": 32,
        "code": 59650
      },
      "setIdx": 0,
      "setId": 2,
      "iconIdx": 2
    },
    {
      "icon": {
        "paths": [
          "M153.6 170.803h716.8v153.6h-716.8v-153.6z",
          "M153.6 435.2h716.8v153.6h-716.8v-153.6z",
          "M153.6 699.597h716.8v153.6h-716.8v-153.6z"
        ],
        "attrs": [
          {},
          {},
          {}
        ],
        "isMulticolor": false,
        "isMulticolor2": false,
        "grid": 0,
        "tags": [
          "menu"
        ]
      },
      "attrs": [
        {},
        {},
        {}
      ],
      "properties": {
        "order": 678,
        "id": 4,
        "name": "menu",
        "prevSize": 32,
        "code": 59651
      },
      "setIdx": 0,
      "setId": 2,
      "iconIdx": 3
    },
    {
      "icon": {
        "paths": [
          "M153.6 190.054h716.8v643.857h-716.8v-643.857z"
        ],
        "attrs": [
          {}
        ],
        "isMulticolor": false,
        "isMulticolor2": false,
        "grid": 0,
        "tags": [
          "orders"
        ]
      },
      "attrs": [
        {}
      ],
      "properties": {
        "order": 679,
        "id": 3,
        "name": "orders",
        "prevSize": 32,
        "code": 59652
      },
      "setIdx": 0,
      "setId": 2,
      "iconIdx": 4
    },
    {
      "icon": {
        "paths": [
          "M857.426 397.855l-231.281-231.281c-26.552-26.552-70.011-26.552-96.532 0-26.552 26.552-26.552 70.011 0 96.532l231.291 231.281c26.552 26.552 70.011 26.552 96.532 0 26.552-26.522 26.552-69.97-0.010-96.532z",
          "M237.844 349.358l-91.208 503.869 260.096-260.096c-20.859-31.98-17.306-75.233 10.783-103.322 32.225-32.225 84.449-32.225 116.664 0 32.225 32.184 32.225 84.449 0 116.634-28.088 28.058-71.301 31.642-103.291 10.783l-260.096 260.096 503.839-91.208 59.464-271.8-224.041-224.522-272.21 59.566z"
        ],
        "attrs": [],
        "isMulticolor": false,
        "isMulticolor2": false,
        "grid": 0,
        "tags": [
          "pen"
        ]
      },
      "attrs": [],
      "properties": {
        "order": 680,
        "id": 2,
        "name": "pen",
        "prevSize": 32,
        "code": 59653
      },
      "setIdx": 0,
      "setId": 2,
      "iconIdx": 5
    },
    {
      "icon": {
        "paths": [
          "M455.711 226.949v194.632h146.708v146.708h194.632v-341.34z",
          "M534.149 762.911h-68.26v34.14h102.4v-68.27h-34.14z",
          "M363.489 762.911h68.27v34.13h-68.27v-34.13z",
          "M534.149 626.381h34.13v68.27h-34.13v-68.27z",
          "M534.149 523.981h34.13v68.27h-34.13v-68.27z",
          "M500.019 455.711h68.27v34.13h-68.27v-34.13z",
          "M226.949 523.981h34.13v68.27h-34.13v-68.27z",
          "M295.219 455.711h68.27v34.13h-68.27v-34.13z",
          "M226.949 455.711h34.13v34.13h-34.13v-34.13z",
          "M261.089 728.781h-34.14v68.27h102.4v-34.14h-68.26z",
          "M226.949 626.381h34.13v68.27h-34.13v-68.27z",
          "M465.889 489.851v-34.14h-68.27v34.14h23.962z"
        ],
        "attrs": [],
        "isMulticolor": false,
        "isMulticolor2": false,
        "grid": 0,
        "tags": [
          "squares"
        ]
      },
      "attrs": [],
      "properties": {
        "order": 681,
        "id": 1,
        "name": "squares",
        "prevSize": 32,
        "code": 59654
      },
      "setIdx": 0,
      "setId": 2,
      "iconIdx": 6
    },
    {
      "icon": {
        "paths": [
          "M455.711 226.949v194.632h146.708v146.708h194.632v-341.34z",
          "M226.949 455.711v341.34h341.34v-341.34h-146.708z"
        ],
        "attrs": [],
        "isMulticolor": false,
        "isMulticolor2": false,
        "grid": 0,
        "tags": [
          "squares-fill"
        ]
      },
      "attrs": [],
      "properties": {
        "order": 682,
        "id": 0,
        "name": "squares-fill",
        "prevSize": 32,
        "code": 59655
      },
      "setIdx": 0,
      "setId": 2,
      "iconIdx": 7
    }
  ],
  "height": 1024,
  "metadata": {
    "name": "icomoon"
  },
  "preferences": {
    "showGlyphs": true,
    "showQuickUse": true,
    "showQuickUse2": true,
    "showSVGs": true,
    "fontPref": {
      "prefix": "icon-",
      "metadata": {
        "fontFamily": "icomoon",
        "majorVersion": 1,
        "minorVersion": 0
      },
      "metrics": {
        "emSize": 1024,
        "baseline": 6.25,
        "whitespace": 50
      },
      "embed": false,
      "showSelector": true,
      "showMetrics": false
    },
    "imagePref": {
      "prefix": "icon-",
      "png": true,
      "useClassSelector": true,
      "color": 0,
      "bgColor": 16777215,
      "classSelector": ".icon"
    },
    "historySize": 100,
    "showCodes": true,
    "gridSize": 16
  }
}